facility_id,facility_name,city,state,census_region,ownership_category,star_rating,hrrp_penalty_pct,vbp_tps,penalty_cohort,total_years_penalized,avg_err,mspb_ratio,hac_score
220029,ANNA JAQUES HOSPITAL,NEWBURYPORT,MA,Northeast,Non-Profit,3,3.0,25.9,chronic,10,1.1093,0.97,1832.4
100260,ST LUCIE MEDICAL CENTER,PORT SAINT LUCIE,FL,South,For-Profit,1,3.0,28.6,chronic,10,1.2014,1.0,3583.8
220008,STURDY MEMORIAL HOSPITAL,ATTLEBORO,MA,Northeast,Non-Profit,3,3.0,28.8,chronic,10,1.1569,0.97,2604.1
490022,MARY WASHINGTON HOSPITAL,FREDERICKSBURG,VA,South,Non-Profit,3,2.42,27.3,chronic,10,1.0682,0.96,6882.8
220073,BROWN UNIVERSITY HEALTH MORTON HOSPITAL,TAUNTON,MA,Northeast,For-Profit,1,2.36,22.7,chronic,10,1.1715,1.01,2154.8
310041,COMMUNITY MEDICAL CENTER,TOMS RIVER,NJ,Northeast,Non-Profit,1,2.29,20.0,chronic,10,1.1122,1.13,7433.7
390102,UPMC ST MARGARET,PITTSBURGH,PA,Northeast,Non-Profit,3,2.1,20.8,chronic,10,1.129,1.01,2921.2
440018,SYCAMORE SHOALS HOSPITAL,ELIZABETHTON,TN,South,Non-Profit,2,2.0,15.8,chronic,10,1.0926,1.1,1283.4
310038,ROBERT WOOD JOHNSON UNIVERSITY HOSPITAL,NEW BRUNSWICK,NJ,Northeast,Non-Profit,2,1.99,27.5,chronic,10,1.1265,1.07,12620.4
100246,HCA FLORIDA LAWNWOOD HOSPITAL,FORT PIERCE,FL,South,For-Profit,1,1.96,21.2,chronic,10,1.0947,1.09,7098.8
220111,GOOD SAMARITAN MEDICAL CENTER,BROCKTON,MA,Northeast,For-Profit,2,1.94,26.5,chronic,10,1.0529,1.0,3645.7
370019,GREAT PLAINS REGIONAL MEDICAL CENTER,ELK CITY,OK,South,Non-Profit,2,1.92,18.7,intermittent,8,1.165,1.08,569.3
370056,MEMORIAL HEALTH,LAWTON,OK,South,Government,2,1.85,27.1,chronic,10,1.0712,0.97,3336.2
140127,CARLE BROMENN MEDICAL CENTER,NORMAL,IL,Midwest,Non-Profit,3,1.81,28.4,intermittent,9,1.144,0.96,2985.9
330194,MAIMONIDES MEDICAL CENTER,BROOKLYN,NY,Northeast,Non-Profit,2,1.79,27.8,chronic,10,1.0896,1.07,11287.4
360112,MERCY ST VINCENT MEDICAL CENTER,TOLEDO,OH,Midwest,Non-Profit,3,1.78,18.9,chronic,10,1.0634,1.04,9178.6
250117,HIGHLAND COMMUNITY  HOSPITAL,PICAYUNE,MS,South,Government,1,1.78,22.2,chronic,10,1.0254,1.11,721.8
390112,CHAN SOON- SHIONG MEDICAL CENTER AT WINDBER,WINDBER,PA,Northeast,Non-Profit,2,1.74,12.5,intermittent,6,1.0365,1.02,428.9
220077,BAYSTATE MEDICAL CENTER,SPRINGFIELD,MA,Northeast,Non-Profit,2,1.74,12.8,intermittent,8,1.1066,1.03,13017.8
140082,LOUIS A WEISS MEMORIAL HOSPITAL,CHICAGO,IL,Midwest,For-Profit,1,1.73,12.9,chronic,10,1.1012,1.12,799.3
170197,KANSAS MEDICAL CENTER LLC,ANDOVER,KS,Midwest,For-Profit,2,1.66,16.7,intermittent,4,0.9757,1.03,813.3
440173,PARKWEST MEDICAL CENTER,KNOXVILLE,TN,South,Non-Profit,3,1.62,23.3,chronic,10,1.062,0.97,5595.7
220080,HOLY FAMILY HOSPITAL,METHUEN,MA,Northeast,For-Profit,2,1.6,19.0,chronic,10,1.1552,1.07,3038.1
310084,MONMOUTH MEDICAL CENTER-SOUTHERN CAMPUS,LAKEWOOD,NJ,Northeast,Non-Profit,3,1.55,27.0,chronic,10,1.1016,1.15,3060.9
440059,COOKEVILLE REGIONAL MEDICAL CENTER,COOKEVILLE,TN,South,Government,2,1.54,22.9,chronic,10,1.0796,0.98,4544.4
180050,HARLAN ARH HOSPITAL,HARLAN,KY,South,Non-Profit,2,1.53,27.1,chronic,10,1.0669,0.95,1047.6
100086,BROWARD HEALTH NORTH,DEERFIELD BEACH,FL,South,Government,3,1.51,25.5,chronic,10,1.115,1.11,5213.7
490048,LEWISGALE MEDICAL CENTER,SALEM,VA,South,For-Profit,2,1.48,16.5,chronic,10,1.0814,1.05,5092.8
310034,RIVERVIEW MEDICAL CENTER,RED BANK,NJ,Northeast,Non-Profit,3,1.47,28.7,chronic,10,1.0303,1.07,3586.8
260025,HANNIBAL REGIONAL HOSPITAL,HANNIBAL,MO,Midwest,Non-Profit,2,1.45,27.8,chronic,10,1.0713,0.98,1866.5
220063,LOWELL GENERAL HOSPITAL,LOWELL,MA,Northeast,Non-Profit,2,1.44,17.3,chronic,10,1.0601,0.98,6457.2
140062,PALOS COMMUNITY HOSPITAL,PALOS HEIGHTS,IL,Midwest,Non-Profit,4,1.4,21.8,chronic,10,1.0843,0.99,6317.9
260214,BELTON REGIONAL MEDICAL CENTER,BELTON,MO,Midwest,Non-Profit,2,1.39,23.5,chronic,10,1.0657,0.99,1411.2
330198,MOUNT SINAI SOUTH NASSAU,OCEANSIDE,NY,Northeast,Non-Profit,3,1.34,26.8,chronic,10,1.0804,1.03,5386.3
450587,HENDRICK MEDICAL CENTER BROWNWOOD,BROWNWOOD,TX,South,For-Profit,1,1.33,7.3,intermittent,9,1.0534,1.1,1721.5
450018,UNIVERSITY OF TEXAS MEDICAL BRANCH GALVESTON,GALVESTON,TX,South,Government,3,1.33,22.1,chronic,10,1.0701,1.06,14316.5
310086,JEFFERSON STRATFORD HOSPITAL,STRATFORD,NJ,Northeast,Non-Profit,2,1.31,19.4,chronic,10,1.1551,1.03,9176.7
140011,HERRIN HOSPITAL,HERRIN,IL,Midwest,Non-Profit,1,1.29,13.3,chronic,10,1.1195,1.01,1853.5
450203,MEDICAL CITY WEATHERFORD,WEATHERFORD,TX,South,For-Profit,2,1.29,26.3,intermittent,9,1.0495,1.08,2429.3
230176,COREWELL HEALTH TRENTON HOSPITAL,TRENTON,MI,Midwest,Non-Profit,3,1.27,24.3,chronic,10,1.064,1.01,2899.8
250058,SOUTH CENTRAL REG MED CTR,LAUREL,MS,South,Government,1,1.26,15.8,chronic,10,1.0851,1.0,2612.9
100231,HCA FLORIDA WEST HOSPITAL,PENSACOLA,FL,South,For-Profit,3,1.24,25.9,chronic,10,1.0431,1.02,3573.6
250141,BAPTIST MEMORIAL HOSPITAL DESOTO,SOUTHAVEN,MS,South,For-Profit,3,1.23,15.7,chronic,10,1.0191,1.0,6000.2
250040,SINGING RIVER HEALTH SYSTEM,PASCAGOULA,MS,South,Government,1,1.22,20.2,chronic,10,1.042,1.01,1868.2
360082,EUCLID HOSPITAL,EUCLID,OH,Midwest,Non-Profit,4,1.22,23.9,intermittent,8,1.0155,1.02,2035.2
150006,NORTHWEST HEALTH-LA PORTE,LA PORTE,IN,Midwest,Non-Profit,3,1.21,18.1,chronic,10,1.0569,1.03,1837.3
450670,HCA HOUSTON HEALTHCARE TOMBALL,TOMBALL,TX,South,For-Profit,3,1.21,27.3,chronic,10,1.0432,1.12,2465.2
100238,HCA FLORIDA NORTHSIDE HOSPITAL,SAINT PETERSBURG,FL,South,For-Profit,1,1.2,22.0,chronic,10,1.136,1.05,3805.8
230020,BEAUMONT HOSPITAL - DEARBORN,DEARBORN,MI,Midwest,Non-Profit,2,1.2,22.9,chronic,10,1.0579,1.05,8420.1
330158,GOOD SAMARITAN HOSPITAL OF SUFFERN,SUFFERN,NY,Northeast,Non-Profit,3,1.2,26.6,chronic,10,1.0314,1.09,4057.0
100275,WELLINGTON REGIONAL MEDICAL CENTER,WELLINGTON,FL,South,For-Profit,2,1.17,15.6,chronic,10,1.0348,1.0,4419.9
310048,ROBERT WOOD JOHNSON UNIVERSITY HOSPITAL - SOMERSET,SOMERVILLE,NJ,Northeast,Non-Profit,3,1.17,26.8,chronic,10,1.0956,1.02,4582.6
310045,ENGLEWOOD HOSPITAL AND MEDICAL CENTER,ENGLEWOOD,NJ,Northeast,Non-Profit,4,1.15,25.1,chronic,10,1.0089,1.05,4643.8
440012,WELLMONT BRISTOL REGIONAL MEDICAL CENTER,BRISTOL,TN,South,Government,2,1.13,13.8,chronic,10,1.0251,1.04,5327.0
390127,PHOENIXVILLE HOSPITAL,PHOENIXVILLE,PA,Northeast,Non-Profit,3,1.13,21.9,chronic,10,1.0999,0.98,2027.2
440035,TENNOVA HEALTHCARE - CLARKSVILLE,CLARKSVILLE,TN,South,For-Profit,1,1.12,14.8,chronic,10,1.0706,1.01,2932.7
390114,MAGEE WOMENS HOSPITAL OF UPMC HEALTH SYSTEM,PITTSBURGH,PA,Northeast,Non-Profit,4,1.12,21.2,chronic,10,1.0444,1.02,4926.6
100259,HCA FLORIDA SOUTH SHORE HOSPITAL,SUN CITY CENTER,FL,South,For-Profit,2,1.12,23.3,chronic,10,1.087,0.98,2151.5
290041,SUMMERLIN HOSPITAL MEDICAL CENTER,LAS VEGAS,NV,West,For-Profit,3,1.12,26.3,chronic,10,1.0594,1.1,6936.7
100264,HCA FLORIDA OAK HILL HOSPITAL,BROOKSVILLE,FL,South,For-Profit,1,1.12,26.5,chronic,10,1.112,1.03,5909.3
440063,JOHNSON CITY MEDICAL CENTER,JOHNSON CITY,TN,South,Non-Profit,1,1.11,9.4,chronic,10,1.0299,1.06,9007.2
100157,LAKELAND REGIONAL MEDICAL CENTER,LAKELAND,FL,South,Non-Profit,1,1.11,16.1,chronic,10,1.0404,1.0,15914.6
490141,SPOTSYLVANIA REGIONAL MEDICAL CENTER,FREDERICKSBURG,VA,South,For-Profit,3,1.11,22.0,chronic,10,1.0352,0.98,2256.7
670120,THE HOSPITALS OF PROVIDENCE TRANSMOUNTAIN CAMPUS,EL PASO,TX,South,For-Profit,2,1.11,22.8,intermittent,6,1.0592,0.97,1795.5
100243,HCA FLORIDA BRANDON HOSPITAL,BRANDON,FL,South,For-Profit,3,1.1,20.8,chronic,10,1.0309,0.99,6031.2
440030,MORRISTOWN HAMBLEN HOSPITAL ASSOCIATION,MORRISTOWN,TN,South,Government,2,1.1,23.5,chronic,10,1.056,0.96,2302.5
220100,SOUTH SHORE HOSPITAL,SOUTH WEYMOUTH,MA,Northeast,Non-Profit,2,1.09,24.6,chronic,10,1.0671,0.99,9539.6
310050,SAINT CLARE'S HOSPITAL/ DENVILLE CAMPUS,DENVILLE,NJ,Northeast,For-Profit,2,1.08,14.7,chronic,10,1.0423,1.03,2782.3
310010,UNIVERSITY MEDICAL CENTER OF PRINCETON AT PLAINSBORO,PLAINSBORO,NJ,Northeast,Non-Profit,4,1.08,22.4,chronic,10,1.1067,1.0,4307.5
290054,CENTENNIAL HILLS HOSPITAL MEDICAL CENTER,LAS VEGAS,NV,West,For-Profit,2,1.07,14.0,chronic,10,1.0219,1.08,6200.2
220175,METROWEST MEDICAL CENTER,FRAMINGHAM,MA,Northeast,Non-Profit,1,1.07,18.8,intermittent,9,1.0723,1.04,2148.0
390036,HERITAGE VALLEY BEAVER,BEAVER,PA,Northeast,Non-Profit,3,1.07,18.8,chronic,10,1.0018,1.14,2471.2
440050,GREENEVILLE COMMUNITY HOSPITAL,GREENEVILLE,TN,South,Non-Profit,2,1.07,21.0,chronic,10,1.0685,0.99,1561.5
140008,LOYOLA GOTTLIEB MEMORIAL HOSPITAL,MELROSE PARK,IL,Midwest,Non-Profit,3,1.07,21.6,chronic,10,1.0573,1.01,2432.2
100256,HCA FLORIDA BAYONET POINT HOSPITAL,HUDSON,FL,South,For-Profit,2,1.06,17.4,chronic,10,1.0798,1.05,6041.3
420051,MCLEOD REGIONAL MEDICAL CENTER-PEE DEE,FLORENCE,SC,South,Non-Profit,3,1.05,18.9,intermittent,9,1.07,1.0,9735.3
140233,SAINT ANTHONY MEDICAL CENTER,ROCKFORD,IL,Midwest,Non-Profit,2,1.05,19.9,chronic,10,1.1091,1.05,5082.7
330104,NYACK HOSPITAL,NYACK,NY,Northeast,Non-Profit,2,1.05,23.8,chronic,10,1.0805,1.08,4452.2
180044,PIKEVILLE MEDICAL CENTER,PIKEVILLE,KY,South,Non-Profit,1,1.02,23.3,chronic,10,1.0601,0.95,4928.0
450617,HCA HOUSTON HEALTHCARE CLEAR LAKE,WEBSTER,TX,South,For-Profit,4,1.02,25.2,intermittent,9,0.9789,1.06,8761.4
140162,ST JOSEPH MEDICAL CENTER,BLOOMINGTON,IL,Midwest,Non-Profit,2,1.0,17.6,intermittent,9,1.0265,0.96,2528.4
250097,SOUTHWEST MS REGIONAL MEDICAL CENTER,MCCOMB,MS,South,Government,2,1.0,22.9,chronic,10,1.0481,1.02,1361.3
230269,"BEAUMONT HOSPITAL, TROY",TROY,MI,Midwest,Non-Profit,4,1.0,24.3,chronic,10,1.0296,0.99,9519.6
450675,MEDICAL CITY ARLINGTON,ARLINGTON,TX,South,For-Profit,2,0.99,14.2,chronic,10,1.0577,1.04,5513.3
390115,JEFFERSON HEALTH- NORTHEAST,PHILADELPHIA,PA,Northeast,Non-Profit,2,0.99,18.4,chronic,10,1.1096,1.05,9185.1
310115,AHS HOSPITAL CORP,HACKETTSTOWN,NJ,Northeast,Non-Profit,4,0.99,22.9,intermittent,9,1.0069,1.09,2172.4
220012,CAPE COD HOSPITAL,HYANNIS,MA,Northeast,Non-Profit,2,0.99,25.2,chronic,10,1.1155,0.97,5585.4
360041,PARMA COMMUNITY GENERAL HOSPITAL,PARMA,OH,Midwest,Non-Profit,4,0.98,28.8,chronic,10,1.0595,1.01,3245.0
180051,JENNIE STUART MEDICAL CENTER,HOPKINSVILLE,KY,South,Non-Profit,1,0.97,11.3,intermittent,9,0.9933,1.05,1081.6
190015,NORTH OAKS MEDICAL CENTER,HAMMOND,LA,South,Government,2,0.96,14.4,chronic,10,1.0561,1.15,4440.6
230244,GARDEN CITY HOSPITAL,GARDEN CITY,MI,Midwest,Non-Profit,2,0.96,23.3,chronic,10,1.0772,1.04,2417.9
510058,CAMDEN CLARK MEDICAL CENTER,PARKERSBURG,WV,South,Non-Profit,2,0.96,24.3,chronic,10,1.0746,0.99,4607.7
100055,ADVENTHEALTH NORTH PINELLAS,TARPON SPRINGS,FL,South,Non-Profit,4,0.96,28.0,chronic,10,1.0487,1.02,2013.7
390037,HERITAGE VALLEY SEWICKLEY,SEWICKLEY,PA,Northeast,Non-Profit,4,0.95,22.8,chronic,10,0.9871,1.12,2201.4
220001,UMASS MEMORIAL HEALTHALLIANCE HOSPITALS,LEOMINSTER,MA,Northeast,Non-Profit,3,0.95,25.1,chronic,10,1.0578,1.04,3570.7
490067,BON SECOURS SOUTHSIDE MEDICAL CENTER,PETERSBURG,VA,South,For-Profit,2,0.94,22.6,chronic,10,1.0507,1.11,4105.9
360359,UNIVERSITY HOSPITALS AHUJA MEDICAL CENTER,BEACHWOOD,OH,Midwest,Non-Profit,3,0.94,23.0,chronic,10,1.0061,1.01,3074.5
450087,MEDICAL CITY NORTH HILLS,NORTH RICHLAND HILLS,TX,South,For-Profit,2,0.94,27.0,chronic,10,1.0248,1.02,2443.6
450229,HENDRICK MEDICAL CENTER,ABILENE,TX,South,Non-Profit,3,0.92,17.3,chronic,10,0.9585,1.1,7747.8
360354,WEST CHESTER HOSPITAL,WEST CHESTER,OH,Midwest,Non-Profit,3,0.92,23.3,chronic,10,1.0281,1.0,3447.6
140034,SSM HEALTH ST MARY'S HOSPITAL -CENTRALIA,CENTRALIA,IL,Midwest,Non-Profit,3,0.92,26.5,intermittent,7,1.0476,0.92,904.4
360079,KETTERING HEALTH MAIN CAMPUS,KETTERING,OH,Midwest,Non-Profit,3,0.92,26.7,intermittent,9,1.0507,1.05,7527.1
310069,INSPIRA MEDICAL CENTER MULLICA HILL,ELMER,NJ,Northeast,Non-Profit,3,0.91,21.1,chronic,10,1.0588,1.02,5142.5
100212,MARION COMMUNTIY HOSPITAL,OCALA,FL,South,For-Profit,1,0.91,23.3,chronic,10,1.0749,1.03,11732.4
180103,BAPTIST HEALTH LEXINGTON,LEXINGTON,KY,South,Non-Profit,4,0.91,24.5,intermittent,8,1.0027,1.09,7436.6
140252,NORTHWEST COMMUNITY HOSPITAL 1,ARLINGTON HEIGHTS,IL,Midwest,Non-Profit,4,0.91,27.8,chronic,10,1.0179,1.0,5991.2
500129,TACOMA GENERAL ALLENMORE HOSPITAL,TACOMA,WA,West,Non-Profit,2,0.9,21.4,chronic,10,1.0274,0.92,7218.6
230002,ST JOE MERCY HOSPITAL SYSTEM LIVONIA,LIVONIA,MI,Midwest,Non-Profit,2,0.9,22.7,chronic,10,1.1346,0.96,4521.8
250082,DELTA HEALTH SYSTEM - THE MEDICAL CENTER,GREENVILLE,MS,South,Government,1,0.9,28.0,intermittent,9,1.0566,1.14,1865.5
360145,UNIVERSITY HOSPITALS - ELYRIA MEDICAL CENTER,ELYRIA,OH,Midwest,Non-Profit,4,0.89,25.7,intermittent,9,1.0126,1.04,2596.5
100286,PHYSICIANS REGIONAL MEDICAL CENTER - PINE RIDGE,NAPLES,FL,South,For-Profit,2,0.87,18.5,chronic,10,1.0333,1.0,5018.9
330203,CROUSE HOSPITAL,SYRACUSE,NY,Northeast,Non-Profit,2,0.87,24.3,chronic,10,1.0532,0.97,6512.1
450403,MEDICAL CENTER OF MCKINNEY,MCKINNEY,TX,South,For-Profit,3,0.87,24.4,chronic,10,1.0412,1.08,3618.5
140091,CARLE FOUNDATION HOSPITAL,URBANA,IL,Midwest,Non-Profit,2,0.86,26.3,chronic,10,1.0608,0.96,9940.0
230099,PROMEDICA MONROE REGIONAL HOSPITAL,MONROE,MI,Midwest,Non-Profit,1,0.85,7.7,chronic,10,1.0764,1.02,2037.2
290045,SAINT ROSE DOMINICAN HOSPITALS - SIENA CAMPUS,HENDERSON,NV,West,Non-Profit,3,0.85,17.1,chronic,10,0.9659,1.17,6971.8
420080,NOVANT HEALTH HILTON HEAD MEDICAL CENTER,HILTON HEAD ISLAND,SC,South,Non-Profit,2,0.84,12.0,chronic,10,1.0421,1.02,1696.4
140064,ST MARY MEDICAL CENTER,GALESBURG,IL,Midwest,Non-Profit,2,0.84,17.9,chronic,10,1.0198,0.96,1585.9
100176,PALM BEACH GARDENS MEDICAL CENTER,PALM BEACH GARDENS,FL,South,For-Profit,2,0.84,18.9,chronic,10,1.0516,0.99,3381.7
100291,ORLANDO HEALTH MELBOURNE HOSPITAL,MELBOURNE,FL,South,Non-Profit,3,0.84,20.3,chronic,10,1.0113,1.04,1699.2
100191,HCA FLORIDA TRINITY HOSPITAL,TRINITY,FL,South,For-Profit,2,0.84,22.6,chronic,10,1.1332,1.01,3321.2
150090,FRANCISCAN HEALTH DYER,DYER,IN,Midwest,Non-Profit,2,0.84,24.9,chronic,10,1.0231,1.07,1759.5
490023,FAUQUIER HOSPITAL,WARRENTON,VA,South,For-Profit,3,0.84,27.5,chronic,10,1.0044,1.04,1145.0
150002,METHODIST HOSPITALS INC,GARY,IN,Midwest,Non-Profit,1,0.83,16.2,chronic,10,1.0854,1.07,4425.8
100287,GOOD SAMARITAN MEDICAL CENTER,WEST PALM BEACH,FL,South,For-Profit,2,0.83,18.4,chronic,10,1.1538,1.0,3123.8
250078,FORREST GENERAL HOSPITAL,HATTIESBURG,MS,South,Government,2,0.83,19.1,chronic,10,1.0357,1.0,8531.1
220049,UMASS MEMORIAL HEALTHCARE-MARLBOROUGH HOSPITAL,MARLBOROUGH,MA,Northeast,Non-Profit,2,0.83,20.8,chronic,10,1.0778,0.97,1372.0
390329,JEFFERSON EINSTEIN MONTGOMERY HOSPITAL,EAST NORRITON,PA,Northeast,Non-Profit,4,0.83,28.3,chronic,10,1.0187,1.04,3388.7
100236,HCA FLORIDA FAWCETT HOSPITAL,PORT CHARLOTTE,FL,South,For-Profit,1,0.82,19.1,chronic,10,1.0474,0.99,4133.9
510029,THOMAS MEMORIAL HOSPITAL,SOUTH CHARLESTON,WV,South,Non-Profit,1,0.82,20.4,chronic,10,1.0814,0.97,4047.5
490113,SENTARA NORTHERN VIRGINIA MEDICAL CENTER,WOODBRIDGE,VA,South,Non-Profit,3,0.82,21.7,chronic,10,1.0557,0.95,3574.4
670088,BAYLOR SCOTT & WHITE MEDICAL CENTER- COLLEGE STATI,COLLEGE STATION,TX,South,Non-Profit,4,0.82,28.8,chronic,10,1.034,0.99,2591.4
310022,WEST JERSEY HOSPITAL,VOORHEES,NJ,Northeast,Non-Profit,3,0.81,20.0,chronic,10,1.0947,1.03,9663.9
340116,FRYE REGIONAL MEDICAL CENTER,HICKORY,NC,South,For-Profit,2,0.81,20.4,chronic,10,1.0402,1.04,2930.5
360001,MERCY HEALTH-ANDERSON HOSPITAL,CINCINNATI,OH,Midwest,Non-Profit,4,0.81,22.2,chronic,10,1.0072,0.98,3788.3
450107,LAS PALMAS MEDICAL CENTER A CAMPUS OF LPDS HEALTHC,EL PASO,TX,South,For-Profit,2,0.81,25.9,chronic,10,1.0273,1.07,7438.6
340132,MARIA PARHAM MEDICAL CENTER,HENDERSON,NC,South,For-Profit,2,0.8,22.8,chronic,10,1.027,1.01,1606.9
180027,MURRAY-CALLOWAY COUNTY HOSPITAL,MURRAY,KY,South,Non-Profit,3,0.8,28.4,chronic,10,1.0056,1.02,1154.0
340016,HARRIS REGIONAL HOSPITAL,SYLVA,NC,South,For-Profit,3,0.8,28.5,chronic,10,0.9639,1.06,1021.5
450152,ADVENTHEALTH CENTRAL TEXAS,KILLEEN,TX,South,Non-Profit,3,0.79,28.1,chronic,10,1.0418,1.0,1975.2
390201,LEHIGH VALLEY HOSPITAL - POCONO,EAST STROUDSBURG,PA,Northeast,Non-Profit,3,0.79,28.5,chronic,10,1.0639,0.99,2233.3
150125,COMMUNITY HOSPITAL,MUNSTER,IN,Midwest,Non-Profit,3,0.78,20.2,chronic,10,1.0485,1.1,5697.8
150015,FRANCISCAN HEALTH MICHIGAN CITY,MICHIGAN CITY,IN,Midwest,Non-Profit,3,0.77,19.4,chronic,10,1.0855,0.99,2351.4
290046,SPRING VALLEY HOSPITAL MEDICAL CENTER,LAS VEGAS,NV,West,For-Profit,3,0.77,23.6,chronic,10,1.002,1.07,6822.0
100030,ORLANDO HEALTH-HEALTH CENTRAL HOSPITAL,OCOEE,FL,South,Government,3,0.77,28.4,chronic,10,1.0194,0.98,3964.6
100248,HCA FLORIDA LARGO HOSPITAL,LARGO,FL,South,For-Profit,2,0.76,13.9,chronic,10,1.0178,1.07,4308.2
190040,SLIDELL MEMORIAL HOSPITAL,SLIDELL,LA,South,Government,2,0.76,18.3,chronic,10,1.0904,0.98,3573.1
100156,HCA FLORIDA LAKE CITY HOSPITAL,LAKE CITY,FL,South,For-Profit,3,0.76,21.1,chronic,10,1.0671,1.01,2616.7
440048,BAPTIST MEMORIAL HOSPITAL,MEMPHIS,TN,South,Non-Profit,3,0.76,22.8,intermittent,9,1.0987,0.99,14771.4
340120,VIDANT DUPLIN HOSPITAL,KENANSVILLE,NC,South,Government,3,0.76,24.3,chronic,10,1.0342,0.97,1159.7
100137,ADVENTHEALTH HEART OF FLORIDA,DAVENPORT,FL,South,For-Profit,3,0.76,28.3,chronic,10,1.0625,0.98,3425.6
410009,KENT COUNTY MEMORIAL HOSPITAL,WARWICK,RI,Northeast,For-Profit,3,0.75,15.3,chronic,10,0.9942,1.03,3541.5
260091,SSM HEALTH ST MARY'S HOSPITAL - ST LOUIS,SAINT LOUIS,MO,Midwest,Non-Profit,3,0.75,21.5,intermittent,7,1.0389,1.06,6445.0
100052,WINTER HAVEN HOSPITAL,WINTER HAVEN,FL,South,Non-Profit,3,0.75,23.0,chronic,10,1.0548,1.0,8275.2
160064,MERCYONE NORTH IOWA MEDICAL CENTER,MASON CITY,IA,Midwest,Non-Profit,2,0.75,24.6,intermittent,6,1.0015,0.96,3478.8
420079,TRIDENT MEDICAL CENTER,CHARLESTON,SC,South,For-Profit,3,0.75,25.7,chronic,10,1.0442,1.01,7031.3
410011,LANDMARK MEDICAL CENTER,WOONSOCKET,RI,Northeast,Non-Profit,2,0.75,26.1,chronic,10,1.0805,0.97,1622.1
440185,AFFILIATE OF VITRUVIAN HEALTH,CLEVELAND,TN,South,For-Profit,2,0.74,6.6,chronic,10,1.0679,1.0,3022.8
230146,WYANDOTTE HOSPITAL AND MEDICAL CENTER,WYANDOTTE,MI,Midwest,Non-Profit,2,0.74,16.5,chronic,10,1.0656,1.04,4527.7
390237,REGIONAL HOSPITAL OF SCRANTON,SCRANTON,PA,Northeast,For-Profit,2,0.74,18.7,chronic,10,1.0092,1.08,2759.4
490053,JOHNSTON MEMORIAL HOSPITAL,ABINGDON,VA,South,Non-Profit,3,0.74,19.5,chronic,10,0.9911,1.0,2036.0
100173,ADVENTHEALTH TAMPA,TAMPA,FL,South,Non-Profit,3,0.74,22.1,chronic,10,1.0156,1.04,8909.6
260005,SSM ST JOSEPH HEALTH CENTER,SAINT CHARLES,MO,Midwest,Non-Profit,3,0.74,24.5,chronic,10,1.0339,1.0,2445.1
360070,MERCY MEDICAL CENTER,CANTON,OH,Midwest,Non-Profit,3,0.74,24.8,intermittent,9,0.9982,1.0,5007.8
450352,HUNT REGIONAL MEDICAL CENTER,GREENVILLE,TX,South,Government,2,0.73,13.3,chronic,10,1.0113,1.05,2820.1
100232,HCA FLORIDA PUTNAM HOSPITAL,PALATKA,FL,South,For-Profit,2,0.73,18.5,chronic,10,1.0545,1.0,1477.9
510007,ST MARYS MEDICAL CENTER,HUNTINGTON,WV,South,Non-Profit,3,0.73,20.8,chronic,10,0.9965,0.99,6798.0
510070,RALEIGH GENERAL HOSPITAL,BECKLEY,WV,South,For-Profit,2,0.73,27.5,chronic,10,1.0507,1.03,3068.5
420020,TIDELANDS GEORGETOWN MEMORIAL HOSPITAL,GEORGETOWN,SC,South,Non-Profit,2,0.72,15.7,chronic,10,1.0194,0.94,1842.8
180124,TRISTAR GREENVIEW REGIONAL HOSPITAL,BOWLING GREEN,KY,South,For-Profit,2,0.72,18.5,chronic,10,1.0892,1.08,1772.9
450702,LONGVIEW REGIONAL MEDICAL CENTER,LONGVIEW,TX,South,For-Profit,3,0.72,22.9,intermittent,9,1.0331,1.04,2696.8
150034,ST MARY MEDICAL CENTER INC,HOBART,IN,Midwest,Non-Profit,3,0.72,24.4,chronic,10,1.0131,1.04,2880.7
450211,CHI ST LUKES HEALTH MEMORIAL LUFKIN,LUFKIN,TX,South,Non-Profit,2,0.71,20.2,chronic,10,1.036,1.04,2141.5
170176,OVERLAND PARK REG MED CTR,OVERLAND PARK,KS,Midwest,For-Profit,4,0.71,20.2,chronic,10,1.071,1.03,3797.7
180045,ST ELIZABETH FLORENCE,FLORENCE,KY,South,Non-Profit,3,0.71,22.0,chronic,10,1.0174,1.03,3284.3
450518,THE MEDICAL CENTER OF SOUTHEAST TEXAS,PORT ARTHUR,TX,South,Other,3,0.71,25.7,chronic,10,1.0313,1.11,1478.0
310073,JERSEY SHORE UNIVERSITY MEDICAL CENTER,NEPTUNE,NJ,Northeast,Non-Profit,4,0.71,26.6,chronic,10,1.0044,1.07,11420.9
360020,SUMMA HEALTH SYSTEM,AKRON,OH,Midwest,Non-Profit,3,0.71,26.9,chronic,10,1.0573,1.02,10844.7
390004,PENN STATE HEALTH HOLY SPIRIT MEDICAL CENTER,CAMP HILL,PA,Northeast,Non-Profit,3,0.7,19.1,chronic,10,1.0144,1.11,4026.3
220066,MERCY MEDICAL CTR,SPRINGFIELD,MA,Northeast,Non-Profit,2,0.7,26.6,chronic,10,1.0363,1.01,2390.7
140280,TRINITY ROCK ISLAND,ROCK ISLAND,IL,Midwest,Non-Profit,3,0.69,16.0,chronic,10,1.0283,1.03,3652.5
310061,VIRTUA WILLINGBORO HOSPITAL,WILLINGBORO,NJ,Northeast,Non-Profit,3,0.69,18.8,chronic,10,1.0425,1.07,1762.6
340099,VIDANT ROANOKE CHOWAN HOSPITAL,AHOSKIE,NC,South,Non-Profit,2,0.69,22.0,intermittent,9,1.023,0.95,1654.6
390231,JEFFERSON ABINGTON HOSPITAL,ABINGTON,PA,Northeast,Non-Profit,3,0.69,24.3,chronic,10,1.0549,0.97,10705.7
230029,TRINITY HEALTH OAKLAND HOSPITAL,PONTIAC,MI,Midwest,Non-Profit,2,0.68,12.4,chronic,10,1.0782,0.99,4618.3
450775,HCA HOUSTON HEALTHCARE KINGWOOD,KINGWOOD,TX,South,For-Profit,3,0.68,25.9,chronic,10,1.0418,1.1,10241.4
390156,MERCY CATHOLIC MEDICAL CENTER- MERCY FITZGERALD,DARBY,PA,Northeast,Non-Profit,2,0.67,13.0,chronic,10,1.0486,1.04,2408.7
160033,GENESIS MEDICAL CENTER-DAVENPORT,DAVENPORT,IA,Midwest,Non-Profit,2,0.67,16.9,intermittent,9,1.0649,0.96,4768.4
110192,PIEDMONT EASTSIDE MEDICAL CENTER,SNELLVILLE,GA,South,For-Profit,2,0.67,18.0,chronic,10,1.0403,1.01,3680.4
250138,MERIT HEALTH RIVER OAKS,FLOWOOD,MS,South,For-Profit,1,0.67,19.0,chronic,10,1.042,1.07,2147.4
100267,HCA FLORIDA ENGLEWOOD HOSPITAL,ENGLEWOOD,FL,South,For-Profit,3,0.67,21.3,intermittent,9,1.0207,1.01,1212.5
180012,BAPTIST HEALTH HARDIN,ELIZABETHTOWN,KY,South,Government,3,0.67,25.3,chronic,10,1.0208,1.03,4687.1
450862,ST LUKE'S THE WOODLANDS HOSPITAL,THE WOODLANDS,TX,South,Non-Profit,3,0.67,25.3,chronic,10,1.0158,1.06,3601.4
100189,HCA FLORIDA NORTHWEST HOSPITAL,MARGATE,FL,South,For-Profit,2,0.67,27.5,chronic,10,1.0495,1.01,3774.9
110025,SOUTHEAST GEORGIA HEALTH SYSTEM- BRUNSWICK CAMPUS,BRUNSWICK,GA,South,Government,2,0.66,14.7,chronic,10,1.0185,0.96,3736.5
250019,MEMORIAL HOSPITAL AT GULFPORT,GULFPORT,MS,South,Government,3,0.66,18.8,chronic,10,1.02,1.16,5720.7
310006,ST MARY'S GENERAL HOSPITAL,PASSAIC,NJ,Northeast,For-Profit,3,0.66,23.9,chronic,10,1.0482,1.05,1994.0
340098,ATRIUM HEALTH PINEVILLE,CHARLOTTE,NC,South,Government,3,0.66,25.4,chronic,10,1.0055,0.94,6879.9
240001,NORTH MEMORIAL HEALTH HOSPITAL,ROBBINSDALE,MN,Midwest,Non-Profit,1,0.66,25.4,intermittent,8,1.0691,0.93,6618.5
140093,OSF SACRED HEART MEDICAL CENTER,DANVILLE,IL,Midwest,Non-Profit,2,0.66,26.5,chronic,10,1.0504,0.93,1310.2
360098,LAKE HEALTH,CONCORD,OH,Midwest,Non-Profit,3,0.66,28.4,chronic,10,1.0212,1.01,2998.4
450668,SIERRA MEDICAL CENTER,EL PASO,TX,South,For-Profit,2,0.65,17.8,chronic,10,1.0593,1.06,3141.9
150042,GOOD SAMARITAN HOSPITAL,VINCENNES,IN,Midwest,Non-Profit,2,0.65,18.9,chronic,10,1.0163,1.16,812.7
500079,MULTICARE GOOD SAMARITAN HOSPITAL,PUYALLUP,WA,West,Non-Profit,2,0.65,21.8,chronic,10,0.9942,0.91,6494.0
140231,EDWARD HOSPITAL,NAPERVILLE,IL,Midwest,Non-Profit,3,0.65,26.9,chronic,10,1.0712,0.96,6642.5
230151,BEAUMONT HOSPITAL - FARMINGTON HILLS,FARMINGTON HILLS,MI,Midwest,Non-Profit,3,0.64,16.6,chronic,10,1.0119,1.01,4594.7
340028,CAPE FEAR VALLEY MEDICAL CENTER,FAYETTEVILLE,NC,South,Non-Profit,2,0.64,16.9,chronic,10,1.017,0.98,10984.5
340020,CENTRAL CAROLINA HOSPITAL,SANFORD,NC,South,Non-Profit,2,0.64,18.3,chronic,10,1.0194,0.96,1065.2
390044,READING HOSPITAL,WEST READING,PA,Northeast,Non-Profit,4,0.64,19.1,intermittent,8,0.9928,1.02,10811.0
450347,HUNTSVILLE MEMORIAL HOSPITAL,HUNTSVILLE,TX,South,Non-Profit,2,0.64,19.5,chronic,10,1.0295,1.13,1707.5
390012,JEFFERSON LANSDALE HOSPITAL,LANSDALE,PA,Northeast,Non-Profit,3,0.64,28.0,chronic,10,1.0412,0.97,1996.1
260001,MERCY HOSPITAL JOPLIN,JOPLIN,MO,Midwest,Non-Profit,1,0.63,20.9,chronic,10,1.033,0.98,4071.2
180056,DEACONESS HENDERSON HOSPITAL,HENDERSON,KY,South,Non-Profit,2,0.63,26.2,chronic,10,1.0048,1.03,1944.9
440227,TRISTAR STONECREST MEDICAL CENTER,SMYRNA,TN,South,For-Profit,4,0.63,27.2,chronic,10,1.0263,0.98,1840.3
440058,SOUTHERN TENNESSEE REGIONAL HEALTH SYSTEM WINCHEST,WINCHESTER,TN,South,For-Profit,3,0.62,21.3,chronic,10,0.9685,1.01,1464.1
100044,CLEVELAND CLINIC MARTIN NORTH HOSPITAL,STUART,FL,South,Non-Profit,3,0.62,22.3,chronic,10,1.0773,1.02,8728.1
450639,TEXAS HEALTH HARRIS METHODIST HURST-EULESS-BEDFORD,BEDFORD,TX,South,Non-Profit,4,0.62,25.5,chronic,10,1.0541,1.1,3508.3
150109,FRANCISCAN HEALTH LAFAYETTE,LAFAYETTE,IN,Midwest,Non-Profit,3,0.62,28.4,intermittent,5,0.9895,1.03,2905.0
190053,OCHSNER AMERICAN LEGION HOSPITAL,JENNINGS,LA,South,Non-Profit,2,0.62,28.8,intermittent,9,1.0391,1.09,943.4
340068,COLUMBUS REGIONAL HEALTHCARE SYSTEM,WHITEVILLE,NC,South,Non-Profit,1,0.61,17.1,intermittent,9,1.0579,1.01,1468.5
110191,PIEDMONT HENRY HOSPITAL,STOCKBRIDGE,GA,South,Government,2,0.61,20.2,chronic,10,0.9986,0.99,5599.9
440125,FORT SANDERS REGIONAL MEDICAL CENTER,KNOXVILLE,TN,South,Non-Profit,3,0.61,25.2,chronic,10,1.0722,1.0,5651.4
450677,TEXAS HEALTH HUGULEY HOSPITAL FORT WORTH SOUTH,FORT WORTH,TX,South,Non-Profit,3,0.61,26.3,chronic,10,1.0406,1.05,4362.0
360211,TRINITY MEDICAL CTR EAST &TRINITY MEDICAL CTR WEST,STEUBENVILLE,OH,Midwest,Non-Profit,2,0.6,18.1,chronic,10,1.0386,1.03,2276.1
250048,ST DOMINIC-JACKSON MEMORIAL HOSPITAL,JACKSON,MS,South,Non-Profit,2,0.6,19.7,chronic,10,1.0281,1.02,7884.2
340151,ECU HEALTH NORTH HOSPITAL,ROANOKE RAPIDS,NC,South,Non-Profit,2,0.6,20.3,chronic,10,1.0091,0.99,1825.7
100131,HCA FLORIDA AVENTURA HOSPITAL,AVENTURA,FL,South,Non-Profit,3,0.6,25.8,chronic,10,1.021,1.06,4626.1
340159,PERSON MEMORIAL HOSPITAL,ROXBORO,NC,South,For-Profit,3,0.6,26.7,chronic,10,1.024,0.92,510.0
180029,HAZARD ARH REGIONAL MEDICAL CENTER,HAZARD,KY,South,Non-Profit,2,0.6,27.5,chronic,10,1.0531,1.06,3820.3
150082,DEACONESS HOSPITAL INC,EVANSVILLE,IN,Midwest,Non-Profit,2,0.59,17.8,chronic,10,1.0456,1.05,12034.2
150126,FRANCISCAN HEALTH CROWN POINT,CROWN POINT,IN,Midwest,Non-Profit,3,0.59,23.9,chronic,10,1.0135,1.01,3308.3
360143,MARYMOUNT HOSPITAL,GARFIELD HEIGHTS,OH,Midwest,Non-Profit,5,0.59,24.9,intermittent,9,1.0147,1.0,3039.1
330014,JAMAICA HOSPITAL MEDICAL CENTER,JAMAICA,NY,Northeast,Non-Profit,1,0.59,25.6,chronic,10,1.0579,1.05,5556.1
330103,OLEAN GENERAL HOSPITAL,OLEAN,NY,Northeast,For-Profit,1,0.59,25.7,chronic,10,1.0171,0.94,2620.3
440084,SWEETWATER HOSPITAL ASSOCIATION,SWEETWATER,TN,South,Non-Profit,1,0.58,11.6,chronic,10,1.0713,1.0,1012.8
100242,HCA FLORIDA GULF COAST HOSPITAL,PANAMA CITY,FL,South,For-Profit,2,0.58,13.4,chronic,10,1.0485,1.08,4664.8
260095,CENTERPOINT MEDICAL CENTER,INDEPENDENCE,MO,Midwest,For-Profit,3,0.58,19.0,chronic,10,0.9767,1.05,4829.0
420078,PRISMA HEALTH GREENVILLE MEMORIAL HOSPITAL,GREENVILLE,SC,South,Non-Profit,4,0.58,26.0,intermittent,7,1.0146,1.03,14242.2
100224,UNIVERSITY HOSPITAL AND MEDICAL CENTER,TAMARAC,FL,South,For-Profit,2,0.58,26.3,chronic,10,1.0729,1.16,2805.3
490042,CARILION NEW RIVER VALLEY MEDICAL CENTER,CHRISTIANSBURG,VA,South,Non-Profit,4,0.58,27.1,intermittent,9,0.985,0.98,2136.2
490107,RESTON HOSPITAL CENTER,RESTON,VA,South,Non-Profit,3,0.58,29.2,chronic,10,1.0156,1.03,2965.3
230130,BEAUMONT HOSPITAL ROYAL OAK,ROYAL OAK,MI,Midwest,Non-Profit,3,0.57,20.6,chronic,10,1.0087,1.0,16652.6
360276,HMHP ST ELIZABETH BOARDMAN HEALTH CENTER,BOARDMAN,OH,Midwest,Non-Profit,2,0.57,23.1,chronic,10,1.0438,1.01,4594.3
150023,UNION HOSPITAL INC,TERRE HAUTE,IN,Midwest,Non-Profit,3,0.57,25.1,chronic,10,1.0685,1.01,5656.2
190111,WILLIS KNIGHTON MEDICAL CENTER,SHREVEPORT,LA,South,Non-Profit,3,0.56,13.3,intermittent,8,1.0209,1.17,13180.7
260077,MERCY HOSPITAL SOUTH,SAINT LOUIS,MO,Midwest,Non-Profit,2,0.56,15.4,chronic,10,1.0545,1.02,9075.7
360132,FORT HAMILTON HUGHES MEMORIAL HOSPITAL,HAMILTON,OH,Midwest,Non-Profit,3,0.56,22.5,chronic,10,1.0137,1.01,2159.4
360076,ATRIUM MEDICAL CENTER,FRANKLIN,OH,Midwest,Non-Profit,4,0.56,24.4,chronic,10,1.027,1.01,3088.3
150158,IU HEALTH WEST HOSPITAL,AVON,IN,Midwest,For-Profit,4,0.56,24.9,chronic,10,1.0173,0.97,3438.3
360234,MERCY HEALTH - WEST HOSPITAL,CINCINNATI,OH,Midwest,Non-Profit,4,0.56,28.3,chronic,10,1.0417,0.95,3871.9
100071,TAMPA GENERAL HOSPITAL BROOKSVILLE,BROOKSVILLE,FL,South,Non-Profit,1,0.55,13.8,chronic,10,1.0516,1.04,3891.1
180088,"NORTON HOSPITALS, INC",LOUISVILLE,KY,South,Non-Profit,2,0.55,15.5,chronic,10,1.0761,1.0,25694.6
140191,INGALLS MEMORIAL HOSPITAL,HARVEY,IL,Midwest,Other,2,0.55,17.1,chronic,10,1.0531,1.03,4486.1
450231,BSA HOSPITAL,AMARILLO,TX,South,For-Profit,2,0.55,18.9,chronic,10,1.0553,1.06,7555.9
140158,INSIGHT HOSPITAL AND MEDICAL CENTER CHICAGO,CHICAGO,IL,Midwest,Non-Profit,1,0.55,23.8,chronic,10,1.0213,1.07,2663.6
340040,ECU HEALTH MEDICAL CENTER,GREENVILLE,NC,South,Non-Profit,2,0.54,15.0,chronic,10,1.1065,0.99,16621.3
330264,MONTEFIORE ST LUKE'S CORNWALL,NEWBURGH,NY,Northeast,Non-Profit,2,0.54,19.1,chronic,10,1.0398,1.0,3235.8
250102,MISSISSIPPI BAPTIST MEDICAL CENTER,JACKSON,MS,South,Non-Profit,2,0.54,19.5,intermittent,9,0.9841,1.03,8447.3
510006,"UNITED HOSPITAL CENTER, INC",BRIDGEPORT,WV,South,Non-Profit,4,0.54,23.5,chronic,10,0.9935,0.97,4848.6
230070,COVENANT MEDICAL CENTER,SAGINAW,MI,Midwest,Non-Profit,2,0.54,24.7,chronic,10,0.9938,1.04,8813.3
440120,PHYSICIANS REGIONAL MEDICAL CENTER,POWELL,TN,South,For-Profit,3,0.54,25.2,chronic,10,1.0516,1.04,5884.2
220176,ST VINCENT HOSPITAL,WORCESTER,MA,Northeast,For-Profit,2,0.54,26.3,chronic,10,1.0529,1.0,3752.2
180102,MERCY HEALTH - LOURDES HOSPITAL,PADUCAH,KY,South,Non-Profit,3,0.54,27.3,chronic,10,1.0566,1.03,3026.1
360051,MIAMI VALLEY HOSPITAL,DAYTON,OH,Midwest,Non-Profit,3,0.54,27.7,intermittent,8,1.0707,1.02,16194.1
360046,MCCULLOUGH-HYDE MEMORIAL HOSPITAL,OXFORD,OH,Midwest,Non-Profit,3,0.54,28.4,chronic,10,1.03,0.93,519.2
450011,CHI ST JOSEPH HEALTH REGIONAL HOSPITAL,BRYAN,TX,South,Non-Profit,2,0.53,8.6,chronic,10,0.9804,1.07,4185.2
160153,MERCYONE SIOUXLAND MEDICAL CENTER,SIOUX CITY,IA,Midwest,Non-Profit,2,0.53,19.9,intermittent,9,0.9705,0.98,1880.2
320018,MEMORIAL MEDICAL CENTER,LAS CRUCES,NM,West,For-Profit,2,0.53,26.7,intermittent,8,1.025,1.03,2857.8
450447,NAVARRO REGIONAL HOSPITAL,CORSICANA,TX,South,Government,2,0.52,13.3,intermittent,7,1.0458,1.02,801.5
330057,ST PETER'S HOSPITAL,ALBANY,NY,Northeast,Non-Profit,2,0.52,18.8,intermittent,8,1.0664,0.95,7598.7
340129,DUKE HEALTH LAKE NORMAN HOSPITAL,MOORESVILLE,NC,South,For-Profit,1,0.52,18.9,chronic,10,1.0763,0.94,1163.5
190176,EAST JEFFERSON GENERAL HOSPITAL,METAIRIE,LA,South,Non-Profit,2,0.52,19.5,chronic,10,1.0118,1.06,7535.6
100249,TAMPA GENERAL HOSPITAL CRYSTAL RIVER,CRYSTAL RIVER,FL,South,Non-Profit,2,0.52,19.6,intermittent,9,0.9895,0.99,1998.6
390027,TEMPLE UNIVERSITY HOSPITAL,PHILADELPHIA,PA,Northeast,Non-Profit,4,0.52,19.9,chronic,10,0.9813,1.02,13517.1
330028,RICHMOND UNIVERSITY MEDICAL CENTER,STATEN ISLAND,NY,Northeast,Non-Profit,1,0.52,20.3,chronic,10,1.0749,1.01,3748.6
360056,MERCY HEALTH - FAIRFIELD HOSPITAL,FAIRFIELD,OH,Midwest,Non-Profit,3,0.52,21.5,chronic,10,0.9979,0.99,3243.6
450571,SHANNON MEDICAL CENTER,SAN ANGELO,TX,South,Non-Profit,3,0.52,24.1,intermittent,9,0.9992,1.04,5066.2
490112,CJW MEDICAL CENTER,RICHMOND,VA,South,For-Profit,4,0.52,26.3,chronic,10,0.9765,1.01,10289.1
180040,UOFL HEALTH - JEWISH HOSPITAL and Mary & Elizabeth Hospital,LOUISVILLE,KY,South,Non-Profit,2,0.51,17.7,chronic,10,0.982,1.01,11277.9
190027,CHRISTUS OCHSNER ST PATRICK HOSPITAL,LAKE CHARLES,LA,South,Non-Profit,3,0.51,20.3,chronic,10,1.0245,1.05,2075.1
450222,HCA HOUSTON HEALTHCARE CONROE,CONROE,TX,South,For-Profit,2,0.51,22.3,chronic,10,1.0617,1.15,4896.9
150165,FRANCISCAN HEALTH MUNSTER,MUNSTER,IN,Midwest,Non-Profit,3,0.51,24.4,chronic,10,1.0429,0.99,1593.6
160028,CHI HEALTH MERCY COUNCIL BLUFFS,COUNCIL BLUFFS,IA,Midwest,Non-Profit,5,0.51,25.3,intermittent,8,0.9906,0.97,2419.2
490118,HENRICO DOCTORS' HOSPITAL,RICHMOND,VA,South,Non-Profit,4,0.51,25.4,chronic,10,1.0702,1.06,6317.5
310047,SHORE MEDICAL CENTER,SOMERS POINT,NJ,Northeast,Non-Profit,3,0.51,25.5,chronic,10,1.0461,0.99,2609.7
420049,CONWAY MEDICAL CENTER,CONWAY,SC,South,Non-Profit,2,0.5,17.8,intermittent,9,1.051,1.03,2590.6
450184,MEMORIAL HERMANN HOSPITAL SYSTEM,HOUSTON,TX,South,Non-Profit,3,0.5,21.7,chronic,10,1.0574,1.0,22950.3
190002,OCHSNER LAFAYETTE GENERAL MEDICAL CENTER,LAFAYETTE,LA,South,Non-Profit,3,0.5,27.3,intermittent,8,0.9988,1.02,8055.1
340039,IREDELL MEMORIAL HOSPITAL INC,STATESVILLE,NC,South,Non-Profit,3,0.5,27.5,chronic,10,1.0063,0.93,2857.7
310044,CAPITAL HEALTH MEDICAL CENTER - HOPEWELL,PENNINGTON,NJ,Northeast,Non-Profit,2,0.49,12.3,chronic,10,1.0452,1.07,3658.7
180005,HIGHLANDS ARH REGIONAL MEDICAL CENTER,PRESTONSBURG,KY,South,For-Profit,2,0.49,15.3,chronic,10,1.02,1.05,1824.5
450033,VHS HARLINGEN HOSPITAL COMPANY LLC,HARLINGEN,TX,South,For-Profit,2,0.49,17.7,chronic,10,1.0193,1.04,6360.0
390063,UPMC HAMOT,ERIE,PA,Northeast,Non-Profit,3,0.49,19.2,intermittent,9,0.9962,1.06,7203.0
170146,PROVIDENCE MEDICAL CENTER,KANSAS CITY,KS,Midwest,Non-Profit,3,0.49,19.3,chronic,10,1.0217,0.97,1477.4
100018,NAPLES COMMUNITY HOSPITAL,NAPLES,FL,South,Non-Profit,3,0.49,20.0,intermittent,4,1.0238,1.02,8440.1
230142,COREWELL HEALTH WAYNE HOSPITAL,WAYNE,MI,Midwest,Non-Profit,2,0.49,22.1,chronic,10,1.0357,1.03,2491.9
290003,SUNRISE HOSPITAL AND MEDICAL CENTER,LAS VEGAS,NV,West,For-Profit,2,0.49,22.8,chronic,10,1.0545,1.18,14396.5
360179,BETHESDA NORTH,CINCINNATI,OH,Midwest,Non-Profit,3,0.49,24.0,intermittent,9,1.0674,1.0,7512.7
100180,HCA FLORIDA ST PETERSBURG HOSPITAL,SAINT PETERSBURG,FL,South,For-Profit,2,0.49,24.2,chronic,10,1.0238,1.06,1248.5
390174,THOMAS JEFFERSON UNIVERSITY HOSPITAL,PHILADELPHIA,PA,Northeast,Non-Profit,3,0.49,26.2,chronic,10,1.1138,1.0,14915.2
100228,WESTSIDE REGIONAL MEDICAL CENTER,PLANTATION,FL,South,For-Profit,2,0.49,28.2,chronic,10,1.0152,1.06,7042.2
110076,EMORY DECATUR HOSPITAL,DECATUR,GA,South,Non-Profit,2,0.48,16.4,chronic,10,1.0625,0.97,6275.0
450237,CHRISTUS SANTA ROSA MEDICAL CENTER,SAN ANTONIO,TX,South,Non-Profit,3,0.48,16.7,intermittent,8,1.0146,1.1,5060.8
360064,ST ELIZABETH YOUNGSTOWN HOSPITAL,YOUNGSTOWN,OH,Midwest,Non-Profit,3,0.48,27.6,chronic,10,1.0251,1.03,6176.0
320063,CARLSBAD MEDICAL CENTER,CARLSBAD,NM,West,Non-Profit,1,0.47,20.8,chronic,10,1.0037,1.08,1191.9
340107,VIDANT EDGECOMBE HOSPITAL,TARBORO,NC,South,Government,3,0.47,26.2,chronic,10,1.0285,0.99,1027.9
100213,HCA FLORIDA BLAKE HOSPITAL,BRADENTON,FL,South,For-Profit,2,0.47,26.2,chronic,10,1.0293,1.06,4194.9
330046,MOUNT SINAI WEST,NEW YORK,NY,Northeast,Non-Profit,4,0.47,29.1,chronic,10,1.0312,1.01,12056.4
510012,RIVERS HEALTH,POINT PLEASANT,WV,South,Non-Profit,1,0.46,14.5,chronic,10,1.0397,1.0,1141.5
510022,CHARLESTON AREA MEDICAL CENTER,CHARLESTON,WV,South,Non-Profit,2,0.46,15.1,chronic,10,1.0395,1.01,14269.9
110029,"NORTHEAST GEORGIA MEDICAL CENTER, INC",GAINESVILLE,GA,South,Government,3,0.46,15.2,chronic,10,0.9834,0.96,14952.7
370089,NORTHEASTERN HEALTH SYSTEM,TAHLEQUAH,OK,South,Government,2,0.46,15.4,chronic,10,1.0412,0.97,1132.6
420098,TIDELANDS WACCAMAW COMMUNITY HOSPITAL,MURRELLS INLET,SC,South,Non-Profit,4,0.46,21.5,intermittent,8,1.0011,0.99,2895.7
420082,AIKEN REGIONAL MEDICAL CENTER,AIKEN,SC,South,For-Profit,2,0.46,23.3,chronic,10,0.9733,0.95,3982.7
330135,BON SECOURS COMMUNITY HOSPITAL,PORT JERVIS,NY,Northeast,Non-Profit,2,0.46,24.4,chronic,10,1.032,0.89,781.4
290049,RENOWN SOUTH MEADOWS MEDICAL CENTER,RENO,NV,West,Non-Profit,3,0.46,24.9,intermittent,9,1.0365,0.95,1526.5
100127,MORTON PLANT HOSPITAL,CLEARWATER,FL,South,Non-Profit,4,0.46,27.3,chronic,10,0.9615,1.03,9309.1
100002,BETHESDA HOSPITAL EAST,BOYNTON BEACH,FL,South,Non-Profit,2,0.45,14.6,chronic,10,1.0403,1.02,6154.8
110036,SAVANNAH HEALTH SERVICES LLC DBA MEMORIAL HEALTH UNIVERSITY MEDICAL CENTER,SAVANNAH,GA,South,Non-Profit,1,0.45,14.8,chronic,10,1.1054,1.05,12156.8
300012,ELLIOT HOSPITAL,MANCHESTER,NH,Northeast,Non-Profit,2,0.45,16.1,chronic,10,1.0323,1.01,4731.5
170023,ST. CATHERINE HOSPITAL - GARDEN CITY,GARDEN CITY,KS,Midwest,Non-Profit,2,0.45,16.1,chronic,10,0.9933,1.03,1043.1
450669,MEDICAL CITY LEWISVILLE,LEWISVILLE,TX,South,Non-Profit,3,0.45,16.1,chronic,10,1.0188,1.1,2509.0
220065,BAYSTATE NOBLE HOSPITAL,WESTFIELD,MA,Northeast,Non-Profit,2,0.45,17.1,chronic,10,1.0264,0.96,1179.9
390101,UPMC MEMORIAL,YORK,PA,Northeast,Non-Profit,4,0.45,17.6,chronic,10,1.0301,1.1,1873.8
360133,KETTERING HEALTH DAYTON,DAYTON,OH,Midwest,Non-Profit,4,0.45,20.5,chronic,10,1.0615,0.99,4522.8
100204,HCA FLORIDA NORTH FLORIDA HOSPITAL,GAINESVILLE,FL,South,For-Profit,3,0.45,21.8,chronic,10,0.9926,1.0,8079.2
150089,INDIANA UNIVERSITY HEALTH BALL MEMORIAL HOSPITAL,MUNCIE,IN,Midwest,Non-Profit,3,0.45,22.1,chronic,10,0.9907,1.01,5504.5
150046,TERRE HAUTE REGIONAL HOSPITAL,TERRE HAUTE,IN,Midwest,For-Profit,2,0.45,24.6,chronic,10,1.0671,1.02,1199.1
330231,QUEENS HOSPITAL CENTER,JAMAICA,NY,Northeast,Non-Profit,2,0.45,25.0,chronic,10,1.0119,0.96,3729.6
110122,SGMC HEALTH,VALDOSTA,GA,South,Government,2,0.45,26.1,chronic,10,1.0144,0.95,4990.4
220095,HEYWOOD HOSPITAL -,GARDNER,MA,Northeast,Non-Profit,2,0.44,11.1,chronic,10,0.9921,1.08,2017.2
180038,OWENSBORO HEALTH REGIONAL HOSPITAL,OWENSBORO,KY,South,Non-Profit,2,0.44,15.5,intermittent,9,0.9789,0.97,3957.9
230104,HARPER UNIVERSITY HOSPITAL,DETROIT,MI,Midwest,For-Profit,1,0.44,17.4,chronic,10,1.004,0.95,4557.2
520037,MARSHFIELD MEDICAL CENTER,MARSHFIELD,WI,Midwest,Non-Profit,1,0.44,21.4,chronic,10,1.0231,0.99,4867.7
100038,MEMORIAL REGIONAL HOSPITAL,HOLLYWOOD,FL,South,Government,3,0.44,23.0,chronic,10,1.0671,1.04,13989.0
360011,MARION GENERAL HOSPITAL,MARION,OH,Midwest,Non-Profit,4,0.44,24.4,chronic,10,0.9981,1.0,2826.2
100166,HCA FLORIDA SARASOTA DOCTORS HOSPITAL,SARASOTA,FL,South,For-Profit,4,0.44,26.6,intermittent,9,1.023,1.03,2128.9
310039,RARITAN BAY MEDICAL CENTER,PERTH AMBOY,NJ,Northeast,Non-Profit,4,0.44,27.0,chronic,10,1.0221,1.11,4791.2
310070,SAINT PETER'S UNIVERSITY HOSPITAL,NEW BRUNSWICK,NJ,Northeast,Non-Profit,3,0.44,27.6,chronic,10,1.0066,1.09,4553.0
140208,ADVOCATE CHRIST HOSPITAL & MEDICAL CENTER,OAK LAWN,IL,Midwest,Non-Profit,3,0.44,28.2,chronic,10,1.1201,0.97,15105.5
510038,STONEWALL JACKSON MEMORIAL HOSPITAL,WESTON,WV,South,Non-Profit,1,0.43,10.3,chronic,10,1.0122,1.05,677.7
340042,ONSLOW MEMORIAL HOSPITAL,JACKSONVILLE,NC,South,Government,1,0.43,17.6,intermittent,9,1.032,1.0,2572.4
390016,UPMC JAMESON,NEW CASTLE,PA,Northeast,Non-Profit,3,0.43,18.3,chronic,10,0.985,1.03,2251.8
500015,MULTICARE AUBURN MEDICAL CENTER,AUBURN,WA,West,Non-Profit,2,0.43,20.0,intermittent,6,0.9978,0.96,2103.0
250104,ANDERSON REGIONAL MEDICAL CENTER,MERIDIAN,MS,South,Non-Profit,2,0.43,21.1,chronic,10,0.9775,1.05,2902.7
450809,NORTH AUSTIN MEDICAL CENTER,AUSTIN,TX,South,For-Profit,3,0.43,22.3,chronic,10,1.0443,1.01,7539.0
260017,PHELPS COUNTY REGIONAL MEDICAL CENTER,ROLLA,MO,Midwest,Government,2,0.43,23.5,intermittent,7,1.065,0.98,2633.1
420067,BEAUFORT COUNTY MEMORIAL HOSPITAL,BEAUFORT,SC,South,Government,4,0.43,24.8,chronic,10,1.0047,0.96,2659.1
150133,KOSCIUSKO COMMUNITY HOSPITAL,WARSAW,IN,Midwest,For-Profit,4,0.43,28.3,chronic,10,1.0119,0.97,1065.1
510023,"WEIRTON MEDICAL CENTER, INC",WEIRTON,WV,South,Government,1,0.42,11.3,chronic,10,1.0199,1.0,2302.2
260191,BARNES-JEWISH ST PETERS HOSPITAL,SAINT PETERS,MO,Midwest,Non-Profit,3,0.42,14.3,chronic,10,1.022,1.02,2328.1
440006,TRISTAR SKYLINE MEDICAL CENTER,NASHVILLE,TN,South,Non-Profit,2,0.42,16.4,chronic,10,1.0404,1.07,5384.2
100161,CENTRAL FLORIDA LAKE MONROE HOSPITAL,SANFORD,FL,South,For-Profit,2,0.42,18.4,chronic,10,1.0258,1.06,3063.0
260081,SSM ST CLARE HEALTH CENTER,FENTON,MO,Midwest,Non-Profit,4,0.42,23.3,chronic,10,1.0136,0.99,2929.9
300029,PORTSMOUTH REGIONAL HOSPITAL,PORTSMOUTH,NH,Northeast,For-Profit,3,0.42,26.3,intermittent,9,1.0478,1.02,3744.9
250007,Memorial Hospital Biloxi,BILOXI,MS,South,For-Profit,1,0.41,16.3,chronic,10,1.0509,1.02,1070.6
150162,FRANCISCAN HEALTH INDIANAPOLIS,INDIANAPOLIS,IN,Midwest,Non-Profit,4,0.41,18.6,chronic,10,1.0146,0.99,6901.9
490069,BON SECOURS MEMORIAL REGIONAL MEDICAL CENTER,MECHANICSVILLE,VA,South,Non-Profit,4,0.41,21.4,intermittent,9,0.9672,1.01,5170.6
180132,LAKE CUMBERLAND REGIONAL HOSPITAL,SOMERSET,KY,South,For-Profit,2,0.41,22.9,chronic,10,1.0363,1.03,2361.0
450771,TEXAS HEALTH PRESBYTERIAN HOSPITAL PLANO,PLANO,TX,South,Non-Profit,4,0.41,25.8,intermittent,9,0.9758,1.07,5833.5
420009,PRISMA HEALTH OCONEE MEMORIAL HOSPITAL,SENECA,SC,South,Non-Profit,4,0.41,25.8,chronic,10,1.0631,1.0,2345.7
500053,TRIOS HEALTH,KENNEWICK,WA,West,Government,2,0.41,26.1,chronic,10,0.9924,0.98,1863.8
390233,UPMC HANOVER,HANOVER,PA,Northeast,Non-Profit,4,0.41,28.2,chronic,10,0.9961,1.01,1764.2
260216,SAINT LUKE'S EAST  HOSPITAL,LEES SUMMIT,MO,Midwest,Non-Profit,4,0.41,29.0,chronic,10,0.9872,1.03,4578.8
360035,MOUNT CARMEL EAST & WEST,COLUMBUS,OH,Midwest,Non-Profit,2,0.4,9.6,chronic,10,1.0221,0.98,9045.5
140164,MEMORIAL HOSPITAL OF CARBONDALE,CARBONDALE,IL,Midwest,Non-Profit,1,0.4,11.7,chronic,10,1.0285,1.07,3045.9
100168,BOCA RATON REGIONAL HOSPITAL,BOCA RATON,FL,South,Non-Profit,2,0.4,12.0,chronic,10,1.0514,1.05,5986.0
330027,NASSAU UNIVERSITY MEDICAL CENTER,EAST MEADOW,NY,Northeast,Government,1,0.4,15.8,chronic,10,1.0907,1.09,4964.6
220052,SIGNATURE HEALTHCARE BROCKTON HOSPITAL,BROCKTON,MA,Northeast,Non-Profit,3,0.4,16.8,chronic,10,1.0007,1.01,2965.6
330102,KENMORE MERCY HOSPITAL,KENMORE,NY,Northeast,Non-Profit,3,0.4,17.8,chronic,10,1.0289,1.02,2951.8
140015,BLESSING HOSPITAL,QUINCY,IL,Midwest,Non-Profit,4,0.4,23.5,chronic,10,0.9859,1.0,5069.4
100226,HCA FLORIDA ORANGE PARK HOSPITAL,ORANGE PARK,FL,South,Non-Profit,3,0.4,23.8,chronic,10,1.0431,1.05,5753.8
180130,BAPTIST HEALTH LOUISVILLE,LOUISVILLE,KY,South,Non-Profit,4,0.4,25.3,intermittent,3,0.9884,1.02,9096.7
310075,MONMOUTH MEDICAL CENTER,LONG BRANCH,NJ,Northeast,Non-Profit,3,0.4,26.6,chronic,10,1.0156,1.08,4679.4
390168,INDEPENDENCE HEALTH SYSTEM BUTLER MEMORIAL HOSPITA,BUTLER,PA,Northeast,Non-Profit,2,0.4,27.0,intermittent,9,0.9949,0.94,3791.6
330191,GLENS FALLS HOSPITAL,GLENS FALLS,NY,Northeast,Non-Profit,3,0.4,28.6,intermittent,8,0.9734,0.93,3459.0
360159,ADENA REGIONAL MEDICAL CENTER,CHILLICOTHE,OH,Midwest,Non-Profit,3,0.39,10.8,chronic,10,0.9849,1.01,3026.7
490075,SOVAH HEALTH DANVILLE,DANVILLE,VA,South,For-Profit,2,0.39,14.8,chronic,10,0.9944,1.01,1573.6
100200,BROWARD HEALTH IMPERIAL POINT,FORT LAUDERDALE,FL,South,Government,3,0.39,20.8,chronic,10,1.0085,1.09,1474.0
100128,TAMPA GENERAL HOSPITAL,TAMPA,FL,South,Non-Profit,3,0.39,23.5,chronic,10,1.0523,1.0,19517.2
260065,MERCY HOSPITAL SPRINGFIELD,SPRINGFIELD,MO,Midwest,Non-Profit,3,0.39,24.1,intermittent,7,1.0088,1.01,11082.3
330009,BRONXCARE HOSPITAL CENTER,BRONX,NY,Northeast,Non-Profit,1,0.39,27.9,chronic,10,1.0893,0.96,6966.4
450196,PARIS REGIONAL MEDICAL CENTER,PARIS,TX,South,For-Profit,1,0.38,12.8,chronic,10,0.9891,1.06,2305.4
360172,MERCY REGIONAL MEDICAL CENTER,LORAIN,OH,Midwest,Non-Profit,2,0.38,15.0,chronic,10,1.0339,1.16,2457.0
310029,VIRTUA OUR LADY OF LOURDES HOSPITAL,CAMDEN,NJ,Northeast,Government,2,0.38,15.3,chronic,10,1.0135,1.09,4451.7
100109,ADVENTHEALTH SEBRING,SEBRING,FL,South,Non-Profit,3,0.38,18.8,chronic,10,0.9893,1.02,4244.9
330350,SUNY/DOWNSTATE UNIVERSITY HOSPITAL OF BROOKLYN,BROOKLYN,NY,Northeast,Government,1,0.38,20.6,chronic,10,1.0285,1.02,3425.7
450389,UT HEALTH EAST TEXAS ATHENS HOSPITAL,ATHENS,TX,South,For-Profit,2,0.38,23.4,intermittent,8,1.0415,1.08,1563.2
100051,ORLANDO HEALTH SOUTH LAKE HOSPITAL,CLERMONT,FL,South,Government,3,0.38,23.8,chronic,10,1.0818,0.98,3768.9
450869,DOCTORS HOSPTAL AT RENAISSANCE,EDINBURG,TX,South,Other,3,0.38,25.6,intermittent,8,1.0111,1.09,6074.4
500051,OVERLAKE HOSPITAL MEDICAL CENTER,BELLEVUE,WA,West,Non-Profit,2,0.38,26.8,intermittent,9,1.0137,0.92,4991.6
360095,BLANCHARD VALLEY HOSPITAL,FINDLAY,OH,Midwest,Non-Profit,3,0.38,27.9,intermittent,9,0.9991,1.02,2648.8
340071,BETSY JOHNSON REGIONAL HOSPITAL,DUNN,NC,South,Non-Profit,3,0.38,28.0,chronic,10,0.9883,0.93,2119.7
390107,UPMC PASSAVANT,PITTSBURGH,PA,Northeast,Non-Profit,4,0.38,28.4,chronic,10,1.0022,0.98,6156.5
100223,HCA FLORIDA FORT WALTON-DESTIN HOSPITAL,FORT WALTON BEACH,FL,South,For-Profit,3,0.38,29.0,chronic,10,1.0854,1.06,3635.6
180116,JACKSON PURCHASE MEDICAL CENTER,MAYFIELD,KY,South,Government,1,0.37,16.8,chronic,10,1.0243,1.06,1254.8
190026,RAPIDES REGIONAL MEDICAL CENTER,ALEXANDRIA,LA,South,For-Profit,2,0.37,18.5,chronic,10,1.0064,1.07,4593.0
330279,MERCY HOSPITAL OF BUFFALO,BUFFALO,NY,Northeast,Non-Profit,2,0.37,22.2,intermittent,8,1.0437,0.95,6464.0
140012,OSF SAINT KATHARINE MEDICAL CENTER,DIXON,IL,Midwest,Non-Profit,2,0.37,24.3,intermittent,8,0.9876,0.96,1179.2
440073,MAURY REGIONAL HOSPITAL,COLUMBIA,TN,South,Government,3,0.37,25.7,chronic,10,1.0637,1.06,4267.4
330332,CHSLI ST JOSEPH HOSPITAL,BETHPAGE,NY,Northeast,Non-Profit,3,0.37,25.9,chronic,10,0.9879,1.12,2446.6
360175,CLINTON MEMORIAL HOSPITAL,WILMINGTON,OH,Midwest,Government,2,0.37,26.2,chronic,10,1.0288,1.06,573.5
290047,SOUTHERN HILLS HOSPITAL AND MEDICAL CENTER,LAS VEGAS,NV,West,For-Profit,4,0.37,27.8,chronic,10,0.996,1.09,3925.6
360027,AKRON GENERAL MEDICAL CENTER,AKRON,OH,Midwest,Non-Profit,5,0.37,29.0,chronic,10,0.9571,1.01,7902.9
390050,ALLEGHENY GENERAL HOSPITAL,PITTSBURGH,PA,Northeast,Non-Profit,3,0.36,18.8,chronic,10,1.0324,1.05,10327.9
140202,ADVOCATE CONDELL MEDICAL CENTER,LIBERTYVILLE,IL,Midwest,Non-Profit,4,0.36,21.3,intermittent,9,0.9702,1.0,6478.6
180009,KING'S DAUGHTERS' MEDICAL CENTER,ASHLAND,KY,South,Non-Profit,3,0.36,22.8,chronic,10,1.036,1.0,6420.8
250093,BOLIVAR MEDICAL CENTER,CLEVELAND,MS,South,For-Profit,1,0.36,24.6,chronic,10,1.0216,0.98,486.9
330195,LONG ISLAND JEWISH MEDICAL CENTER,NEW HYDE PARK,NY,Northeast,Non-Profit,4,0.36,27.5,chronic,10,1.0239,1.06,21493.9
230273,DETROIT RECEIVING HOSPITAL,DETROIT,MI,Midwest,For-Profit,1,0.35,15.0,chronic,10,1.0273,0.95,4494.6
300020,SOUTHERN NH MEDICAL CENTER,NASHUA,NH,Northeast,Non-Profit,2,0.35,16.8,chronic,10,1.0299,0.98,2915.7
450684,MEMORIAL HERMANN NORTHEAST HOSPITAL,HUMBLE,TX,South,Non-Profit,3,0.35,17.8,chronic,10,0.997,0.99,4896.7
450661,ODESSA REGIONAL MEDICAL CENTER,ODESSA,TX,South,For-Profit,3,0.35,19.3,intermittent,8,0.9522,0.99,1725.5
440183,ST FRANCIS HOSPITAL,MEMPHIS,TN,South,For-Profit,1,0.35,19.9,chronic,10,1.0456,1.04,4502.0
100258,DELRAY MEDICAL CENTER,DELRAY BEACH,FL,South,For-Profit,1,0.35,21.1,chronic,10,1.0725,1.02,6647.1
100034,"MOUNT SINAI MEDICAL CENTER OF FLORIDA, INC",MIAMI BEACH,FL,South,Non-Profit,3,0.35,21.8,chronic,10,1.0235,1.02,8130.9
520021,FROEDTERT SOUTH INC.,KENOSHA,WI,Midwest,Government,2,0.35,25.6,chronic,10,1.0205,0.98,2800.1
450021,BAYLOR UNIVERSITY MEDICAL CENTER,DALLAS,TX,South,Non-Profit,4,0.35,27.8,intermittent,7,0.9873,1.02,17413.0
340015,NOVANT HEALTH ROWAN MEDICAL CENTER,SALISBURY,NC,South,Non-Profit,4,0.35,29.2,chronic,10,0.96,0.97,3040.0
330184,MONTEFIORE NEW ROCHELLE HOSPITAL,NEW ROCHELLE,NY,Northeast,Non-Profit,1,0.34,14.5,chronic,10,1.0318,1.11,1978.6
390137,WILKES-BARRE GENERAL HOSPITAL,WILKES-BARRE,PA,Northeast,For-Profit,2,0.34,18.9,chronic,10,0.974,1.18,2555.7
390147,PENN HIGHLANDS MON VALLEY,MONONGAHELA,PA,Northeast,Non-Profit,1,0.34,21.3,chronic,10,1.0077,0.97,1692.5
310014,COOPER UNIVERSITY HOSPITAL,CAMDEN,NJ,Northeast,Non-Profit,2,0.34,21.4,chronic,10,1.0777,1.03,12142.8
310002,NEWARK BETH ISRAEL MEDICAL CENTER,NEWARK,NJ,Northeast,Non-Profit,2,0.34,21.8,chronic,10,1.0626,1.11,7117.7
510001,"WEST VIRGINIA UNIVERSITY HOSPITALS, INC",MORGANTOWN,WV,South,Non-Profit,3,0.34,22.4,chronic,10,0.9406,1.03,13488.4
100187,PALMETTO GENERAL HOSPITAL,HIALEAH,FL,South,For-Profit,2,0.34,22.7,chronic,10,0.9763,1.08,4101.6
300001,CONCORD HOSPITAL,CONCORD,NH,Northeast,Non-Profit,3,0.34,24.5,intermittent,9,1.0076,1.0,4704.1
260195,CITIZENS MEMORIAL HOSPITAL,BOLIVAR,MO,Midwest,Government,3,0.34,26.5,intermittent,8,0.9827,0.91,906.7
330273,PUTNAM HOSPITAL CENTER,CARMEL,NY,Northeast,Non-Profit,3,0.34,27.8,chronic,10,0.9679,1.0,1345.4
230270,BEAUMONT HOSPITAL - TAYLOR,TAYLOR,MI,Midwest,Non-Profit,2,0.33,11.6,chronic,10,1.0117,1.05,2584.3
450647,MEDICAL CITY DALLAS HOSPITAL,DALLAS,TX,South,For-Profit,3,0.33,14.8,chronic,10,1.037,1.04,13197.1
420085,GRAND STRAND REGIONAL MEDICAL CENTER,MYRTLE BEACH,SC,South,For-Profit,2,0.33,17.6,chronic,10,1.0688,0.96,7360.0
440109,HARDIN MEDICAL CENTER,SAVANNAH,TN,South,Government,2,0.33,18.0,intermittent,6,1.011,1.0,988.0
100121,BARTOW REGIONAL MEDICAL CENTER,BARTOW,FL,South,For-Profit,3,0.33,18.9,chronic,10,1.0139,0.98,1869.7
340047,NORTH CAROLINA BAPTIST HOSPITAL,WINSTON-SALEM,NC,South,Non-Profit,4,0.33,27.5,chronic,10,0.9836,0.96,15373.6
310052,OCEAN MEDICAL CENTER,BRICK,NJ,Northeast,Non-Profit,4,0.33,28.7,chronic,10,1.0306,1.11,6211.1
310057,VIRTUA MOUNT HOLLY HOSPITAL,MOUNT HOLLY,NJ,Northeast,Non-Profit,3,0.32,13.9,chronic,10,0.972,1.1,4384.8
390173,INDIANA REGIONAL MEDICAL CENTER,INDIANA,PA,Northeast,Non-Profit,2,0.32,14.0,chronic,10,1.0159,0.98,1747.8
420043,CHEROKEE MEDICAL CENTER,GAFFNEY,SC,South,Government,2,0.32,18.8,intermittent,8,1.0047,0.95,974.6
420007,SPARTANBURG MEDICAL CENTER,SPARTANBURG,SC,South,Government,2,0.32,19.4,intermittent,8,0.9984,1.03,13630.7
450672,MEDICAL CITY FORT WORTH,FORT WORTH,TX,South,For-Profit,2,0.32,20.2,intermittent,8,1.0692,1.09,4684.6
390142,JEFFERSON EINSTEIN PHILADELPHIA HOSPITAL,PHILADELPHIA,PA,Northeast,Non-Profit,3,0.32,20.8,chronic,10,1.0106,1.05,7220.0
100217,ORLANDO HEALTH SEBASTIAN RIVER HOSPITAL,SEBASTIAN,FL,South,Non-Profit,4,0.32,21.5,chronic,10,0.952,1.01,1288.3
440187,LIVINGSTON REGIONAL HOSPITAL,LIVINGSTON,TN,South,For-Profit,2,0.32,22.3,intermittent,6,1.0383,1.09,757.7
670075,ST LUKE'S HOSPITAL AT THE VINTAGE,HOUSTON,TX,South,Non-Profit,4,0.32,22.8,intermittent,8,0.9912,1.09,2161.5
390123,POTTSTOWN HOSPITAL,POTTSTOWN,PA,Northeast,Non-Profit,2,0.31,17.4,chronic,10,1.0162,1.0,2531.4
230015,THREE RIVERS HEALTH,THREE RIVERS,MI,Midwest,Government,2,0.31,18.1,intermittent,9,0.9932,0.99,591.0
260052,MERCY HOSPITAL WASHINGTON,WASHINGTON,MO,Midwest,Non-Profit,4,0.31,18.3,intermittent,8,0.9965,0.99,2007.0
150048,REID HEALTH,RICHMOND,IN,Midwest,Non-Profit,2,0.31,19.3,intermittent,8,1.0485,0.99,3376.7
450801,CHRISTUS ST MICHAEL HEALTH SYSTEM,TEXARKANA,TX,South,Non-Profit,3,0.31,21.0,chronic,10,0.9936,1.07,5255.1
140067,SAINT FRANCIS MEDICAL CENTER,PEORIA,IL,Midwest,Non-Profit,2,0.31,21.4,chronic,10,1.0075,0.97,12174.2
260032,BARNES JEWISH HOSPITAL,SAINT LOUIS,MO,Midwest,Non-Profit,4,0.31,25.5,chronic,10,0.9736,1.02,24150.8
390006,GEISINGER MEDICAL CENTER,DANVILLE,PA,Northeast,Non-Profit,4,0.31,26.1,intermittent,8,0.9828,0.99,10616.7
420091,MUSC HEALTH FLORENCE MEDICAL CENTER,FLORENCE,SC,South,Government,3,0.31,26.8,chronic,10,1.017,0.98,4140.4
100167,HCA FLORIDA MERCY HOSPITAL,PLANTATION,FL,South,Non-Profit,2,0.31,26.9,chronic,10,1.0643,1.1,4475.3
310064,ATLANTICARE REGIONAL MEDICAL CENTER - CITY CAMPUS,ATLANTIC CITY,NJ,Northeast,Non-Profit,4,0.31,27.6,chronic,10,0.9926,1.06,7998.9
360012,MOUNT CARMEL ST ANN'S,WESTERVILLE,OH,Midwest,Non-Profit,3,0.3,11.0,chronic,10,0.9947,1.01,3614.5
450132,MEDICAL CENTER HOSPITAL,ODESSA,TX,South,Government,3,0.3,16.8,chronic,10,0.9401,1.11,4785.1
140209,CARLE HEALTH METHODIST HOSPITAL,PEORIA,IL,Midwest,Non-Profit,2,0.3,17.8,chronic,10,1.0279,0.97,4604.8
190014,OCHSNER ST MARY,MORGAN CITY,LA,South,Non-Profit,2,0.3,20.3,chronic,10,1.0188,1.16,593.0
100290,"VILLAGES REGIONAL HOSPITAL, THE",THE VILLAGES,FL,South,Non-Profit,4,0.3,21.8,chronic,10,1.0044,1.04,4692.9
100107,HCA FLORIDA LEHIGH HOSPITAL,LEHIGH ACRES,FL,South,For-Profit,2,0.3,22.9,intermittent,9,1.0493,0.95,1289.8
140001,GRAHAM HOSPITAL ASSOCIATION,CANTON,IL,Midwest,Non-Profit,3,0.3,23.3,chronic,10,0.9578,0.93,716.5
450010,UNITED REGIONAL HEALTH CARE SYSTEM,WICHITA FALLS,TX,South,Non-Profit,3,0.3,24.5,intermittent,8,1.0039,1.18,4942.0
450651,MEDICAL CITY PLANO,PLANO,TX,South,For-Profit,3,0.3,26.2,chronic,10,0.9986,1.11,10336.5
110027,"TY COBB REGIONAL MEDICAL CENTER, LLC",LAVONIA,GA,South,Non-Profit,3,0.3,27.7,intermittent,9,0.9945,0.95,790.4
190065,BATON ROUGE GENERAL MEDICAL CENTER,BATON ROUGE,LA,South,Non-Profit,3,0.3,28.5,intermittent,9,1.0366,0.98,5410.0
140242,NORTHWESTERN MEDICINE CENTRAL DUPAGE HOSPITAL,WINFIELD,IL,Midwest,Non-Profit,5,0.3,28.9,intermittent,5,0.9688,1.0,8388.0
110164,"COLISEUM MEDICAL CENTERS, LLC, DBA",MACON,GA,South,Non-Profit,3,0.29,15.0,chronic,10,1.0089,1.01,3175.4
360218,LICKING MEMORIAL HOSPITAL,NEWARK,OH,Midwest,Non-Profit,2,0.29,18.3,chronic,10,1.0067,1.0,2315.9
320085,MOUNTAIN VIEW REGIONAL MEDICAL CENTER,LAS CRUCES,NM,West,For-Profit,2,0.29,20.5,chronic,10,1.0478,1.04,2855.3
450058,BAPTIST MEDICAL CENTER,SAN ANTONIO,TX,South,For-Profit,3,0.29,20.8,intermittent,8,0.9639,1.06,16315.4
110078,EMORY UNIVERSITY HOSPITAL MIDTOWN,ATLANTA,GA,South,Non-Profit,2,0.29,21.0,chronic,10,1.0116,0.95,10850.5
290007,UNIVERSITY MEDICAL CENTER,LAS VEGAS,NV,West,Non-Profit,2,0.29,21.1,intermittent,9,1.0243,1.08,9550.4
260057,CAMERON REGIONAL MEDICAL CENTER,CAMERON,MO,Midwest,Non-Profit,1,0.29,22.1,intermittent,9,0.9107,0.98,764.7
490059,BON SECOURS ST MARYS HOSPITAL,RICHMOND,VA,South,Non-Profit,5,0.29,22.3,intermittent,9,0.9392,1.01,5694.5
390267,FORBES HOSPITAL,MONROEVILLE,PA,Northeast,Non-Profit,3,0.29,25.1,chronic,10,1.0218,1.03,5245.3
100302,ORLANDO HEALTH ST CLOUD HOSPITAL,SAINT CLOUD,FL,South,For-Profit,2,0.29,27.3,chronic,10,1.0426,0.98,2251.0
370211,INTEGRIS CANADIAN VALLEY HOSPITAL,YUKON,OK,South,Non-Profit,4,0.29,28.4,intermittent,8,0.9798,1.03,1272.8
140148,MEMORIAL MEDICAL CENTER,SPRINGFIELD,IL,Midwest,Non-Profit,3,0.28,16.3,intermittent,9,0.9928,1.03,7688.9
390086,PENN HIGHLANDS DUBOIS,DUBOIS,PA,Northeast,Non-Profit,2,0.28,17.3,chronic,10,0.9162,0.99,3126.9
450688,DALLAS REGIONAL MEDICAL CENTER,MESQUITE,TX,South,For-Profit,3,0.28,18.0,chronic,10,0.9876,1.06,2389.7
100090,FLAGLER HOSPITAL,SAINT AUGUSTINE,FL,South,Non-Profit,3,0.28,18.9,chronic,10,0.9874,1.08,4050.4
330208,ST JOHN'S RIVERSIDE HOSPITAL,YONKERS,NY,Northeast,Non-Profit,3,0.28,20.8,chronic,10,1.0043,1.14,5835.2
440011,BLOUNT MEMORIAL HOSPITAL,MARYVILLE,TN,South,Government,2,0.28,22.2,chronic,10,1.0006,0.97,2849.3
110082,"SAINT JOSEPH'S HOSPITAL OF ATLANTA, INC",ATLANTA,GA,South,Non-Profit,3,0.28,22.8,intermittent,9,1.0444,0.93,7516.6
140150,UNIVERSITY OF ILLINOIS HOSPITAL AND CLINICS,CHICAGO,IL,Midwest,Government,4,0.28,25.3,chronic,10,1.028,1.04,7443.0
310040,CAREPOINT HEALTH-HOBOKEN UNIVERSITY MEDICAL CENTER,HOBOKEN,NJ,Northeast,Non-Profit,1,0.28,25.4,chronic,10,1.0087,1.17,1204.2
220033,NORTHEAST HOSPITAL CORPORATION,BEVERLY,MA,Northeast,Non-Profit,3,0.28,25.6,chronic,10,1.0144,0.98,4879.8
490020,JOHN RANDOLPH MEDICAL CENTER,HOPEWELL,VA,South,For-Profit,3,0.28,26.8,chronic,10,1.0034,1.05,1442.5
390041,UNIONTOWN HOSPITAL,UNIONTOWN,PA,Northeast,Non-Profit,2,0.28,27.8,chronic,10,1.0251,0.93,2950.2
100175,DESOTO MEMORIAL HOSPITAL,ARCADIA,FL,South,Non-Profit,2,0.27,20.0,chronic,10,0.998,1.09,648.1
100268,WEST BOCA MEDICAL CENTER,BOCA RATON,FL,South,For-Profit,3,0.27,21.2,chronic,10,1.0125,1.0,1814.5
100017,HALIFAX HEALTH MEDICAL CENTER,DAYTONA BEACH,FL,South,Government,2,0.27,22.3,intermittent,9,1.0242,1.03,7218.6
360066,MERCY HEALTH ST RITAS MEDICAL CENTER,LIMA,OH,Midwest,Non-Profit,4,0.27,23.9,intermittent,9,0.9844,0.99,5236.1
110018,PIEDMONT NEWTON HOSPITAL,COVINGTON,GA,South,Non-Profit,3,0.27,25.2,intermittent,9,1.0011,0.98,2244.9
330160,STATEN ISLAND UNIVERSITY HOSPITAL,STATEN ISLAND,NY,Northeast,Non-Profit,3,0.27,25.8,chronic,10,1.0219,1.01,11053.8
390178,UPMC HORIZON,GREENVILLE,PA,Northeast,Non-Profit,4,0.27,27.7,chronic,10,1.0153,0.95,1570.5
440161,TRISTAR CENTENNIAL MEDICAL CENTER,NASHVILLE,TN,South,For-Profit,4,0.27,27.9,chronic,10,0.9537,1.0,9414.4
260110,MERCY HOSPITAL SOUTHEAST,CAPE GIRARDEAU,MO,Midwest,Non-Profit,2,0.27,28.1,chronic,10,1.0031,1.01,2330.8
490019,UVA HEALTH CULPEPER MEDICAL CENTER,CULPEPER,VA,South,Non-Profit,2,0.26,7.0,chronic,10,1.0264,1.02,1488.2
110028,PIEDMONT AUGUSTA HOSPITAL,AUGUSTA,GA,South,Government,2,0.26,12.5,chronic,10,1.0056,1.02,6941.3
110075,EAST GEORGIA REGIONAL MEDICAL CENTER,STATESBORO,GA,South,For-Profit,3,0.26,19.4,chronic,10,1.0065,1.04,2935.0
370013,"MERCY HOSPITAL OKLAHOMA CITY, INC",OKLAHOMA CITY,OK,South,Non-Profit,4,0.26,19.9,intermittent,9,0.9554,1.17,5706.5
490115,TWIN COUNTY REGIONAL HOSPITAL,GALAX,VA,South,For-Profit,2,0.26,20.0,chronic,10,1.0153,0.96,586.9
310003,PALISADES MEDICAL CENTER,NORTH BERGEN,NJ,Northeast,Non-Profit,2,0.26,21.1,chronic,10,1.0557,1.03,2816.3
290057,HENDERSON HOSPITAL,HENDERSON,NV,West,For-Profit,2,0.26,21.3,chronic,7,1.0456,1.05,7118.0
130013,SAINT ALPHONSUS MEDICAL CENTER - NAMPA,NAMPA,ID,West,Non-Profit,3,0.26,22.0,chronic,10,0.9958,0.98,1979.4
370001,HILLCREST MEDICAL CENTER,TULSA,OK,South,For-Profit,3,0.26,22.0,chronic,10,0.9656,1.04,8284.8
140289,ANDERSON HOSPITAL,MARYVILLE,IL,Midwest,Non-Profit,3,0.26,24.2,chronic,10,1.0323,1.03,2364.3
370202,HILLCREST HOSPITAL SOUTH,TULSA,OK,South,For-Profit,3,0.26,25.1,chronic,10,1.0212,0.99,3315.9
390125,WAYNE MEMORIAL HOSPITAL,HONESDALE,PA,Northeast,Non-Profit,2,0.26,25.7,intermittent,8,1.0195,1.02,1639.6
100330,HALIFAX HEALTH /UF HEALTH MEDICAL CENTER OF DELTON,DELTONA,FL,South,Government,,0.25,10.0,intermittent,2,0.9784,0.96,1369.5
310076,COOPERMAN BARNABAS MEDICAL CENTER,LIVINGSTON,NJ,Northeast,Non-Profit,3,0.25,15.8,chronic,10,1.0463,1.05,10598.0
390046,WELLSPAN YORK HOSPITAL,YORK,PA,Northeast,Non-Profit,4,0.25,18.8,chronic,10,0.9835,1.01,10423.3
220163,UMASS MEMORIAL MEDICAL CENTER/UNIVERSITY CAMPUS,WORCESTER,MA,Northeast,Non-Profit,3,0.25,20.7,chronic,10,1.0137,1.02,17518.0
420002,PIEDMONT MEDICAL CENTER,ROCK HILL,SC,South,For-Profit,2,0.25,21.3,chronic,10,1.0104,1.03,4953.2
190039,WEST JEFFERSON MEDICAL CENTER,MARRERO,LA,South,Non-Profit,3,0.25,21.4,chronic,10,1.0041,1.1,3886.8
110177,DOCTORS HOSPITAL,AUGUSTA,GA,South,For-Profit,3,0.25,21.8,chronic,10,0.9915,0.97,6103.2
450713,ST DAVID'S SOUTH AUSTIN MEDICAL CENTER,AUSTIN,TX,South,For-Profit,3,0.25,23.8,chronic,10,0.9981,1.06,6992.1
450484,WOODLAND HEIGHTS MEDICAL CENTER,LUFKIN,TX,South,For-Profit,3,0.25,24.1,chronic,10,1.002,1.0,1954.8
330090,ARNOT OGDEN MEDICAL CENTER,ELMIRA,NY,Northeast,Non-Profit,2,0.25,24.8,chronic,10,0.9923,0.94,2679.4
140043,CGH MEDICAL CENTER,STERLING,IL,Midwest,Government,1,0.25,25.5,intermittent,6,1.0439,0.96,1604.1
140304,UCHICAGO MEDICINE ADVENTHEALTH BOLINGBROOK,BOLINGBROOK,IL,Midwest,Non-Profit,3,0.25,25.9,intermittent,9,1.0173,1.05,1775.2
110104,CRISP REGIONAL HOSPITAL,CORDELE,GA,South,For-Profit,2,0.25,28.1,intermittent,9,1.0346,0.87,1298.9
260027,RESEARCH MEDICAL CENTER,KANSAS CITY,MO,Midwest,For-Profit,2,0.24,14.0,chronic,10,1.0255,1.09,5305.8
260105,SSM HEALTH SAINT LOUIS UNIVERSITY HOSPITAL,SAINT LOUIS,MO,Midwest,Non-Profit,1,0.24,14.1,chronic,10,1.0579,1.06,8252.6
440184,FRANKLIN WOODS COMMUNITY HOSPITAL,JOHNSON CITY,TN,South,Non-Profit,3,0.24,19.3,intermittent,9,0.9948,0.95,1988.3
440104,ERLANGER MEDICAL CENTER,CHATTANOOGA,TN,South,Government,4,0.24,21.7,intermittent,9,0.9068,1.06,10450.3
100067,ST ANTHONYS HOSPITAL,SAINT PETERSBURG,FL,South,Non-Profit,3,0.24,25.0,chronic,10,1.0124,1.03,6419.0
180010,SAINT JOSEPH HOSPITAL,LEXINGTON,KY,South,Non-Profit,3,0.24,25.7,chronic,10,1.0496,1.0,6200.6
140013,CARLE HEALTH PROCTOR HOSPITAL,PEORIA,IL,Midwest,Non-Profit,3,0.23,5.4,chronic,10,0.9711,0.99,1958.5
110034,"WELLSTAR MCG HEALTH, AFFILIATED WITH MED COL",AUGUSTA,GA,South,Non-Profit,1,0.23,11.9,chronic,10,1.0311,1.04,8829.0
150035,NORTHWEST HEALTH - PORTER,VALPARAISO,IN,Midwest,For-Profit,2,0.23,14.1,chronic,10,1.0302,1.05,3610.3
180087,TAYLOR REGIONAL HOSPITAL,CAMPBELLSVILLE,KY,South,Government,2,0.23,17.3,intermittent,9,0.9381,1.09,1043.8
280061,REGIONAL WEST MEDICAL CENTER,SCOTTSBLUFF,NE,Midwest,Non-Profit,2,0.23,19.8,chronic,10,1.0185,1.03,1531.0
110143,WELLSTAR COBB MEDICAL CENTER,AUSTELL,GA,South,Non-Profit,3,0.23,20.4,chronic,10,0.9999,0.95,6620.9
150044,BAPTIST HEALTH FLOYD,NEW ALBANY,IN,Midwest,Non-Profit,3,0.23,20.7,intermittent,9,0.9879,1.13,4766.1
280065,GREAT PLAINS HEALTH,NORTH PLATTE,NE,Midwest,Non-Profit,3,0.23,21.1,chronic,10,0.9731,0.97,1839.7
140054,MACNEAL  HOSPITAL,BERWYN,IL,Midwest,For-Profit,3,0.23,23.0,intermittent,9,1.0626,0.98,3865.1
190019,CHRISTUS ST FRANCES CABRINI HOSPITAL,ALEXANDRIA,LA,South,Non-Profit,3,0.23,26.1,intermittent,8,1.0058,1.06,4466.9
100179,HCA FLORIDA MEMORIAL HOSPITAL,JACKSONVILLE,FL,South,For-Profit,2,0.23,27.3,chronic,10,1.0122,1.08,7258.5
260141,UNIVERSITY OF MISSOURI HEALTH CARE,COLUMBIA,MO,Midwest,Government,3,0.23,27.5,chronic,10,1.0237,1.01,11973.5
330107,PECONIC BAY MEDICAL CENTER,RIVERHEAD,NY,Northeast,Non-Profit,2,0.23,29.0,chronic,10,0.993,1.0,3233.9
490045,NOVANT PRINCE WILLIAM MEDICAL CENTER,MANASSAS,VA,South,Non-Profit,3,0.22,16.5,intermittent,9,1.0113,1.04,2333.8
110087,NORTHSIDE HOSPITAL GWINNETT,LAWRENCEVILLE,GA,South,Government,3,0.22,19.8,intermittent,7,0.9638,1.03,11111.6
100028,PARRISH MEDICAL CENTER,TITUSVILLE,FL,South,Government,2,0.22,20.3,intermittent,8,0.9678,1.05,2136.2
320009,LOVELACE MEDICAL CENTER,ALBUQUERQUE,NM,West,For-Profit,2,0.22,21.1,chronic,10,0.9669,1.0,4565.9
110054,ATRIUM HEALTH FLOYD MEDICAL CENTER,ROME,GA,South,Government,2,0.22,23.5,chronic,10,1.0498,0.99,5449.2
330056,BROOKLYN HOSPITAL CENTER - DOWNTOWN CAMPUS,BROOKLYN,NY,Northeast,Non-Profit,2,0.22,23.7,intermittent,9,1.0456,1.11,4270.9
450388,METHODIST HOSPITAL,SAN ANTONIO,TX,South,For-Profit,4,0.22,26.4,chronic,10,1.0093,1.04,31688.6
330241,UNIVERSITY HOSPITAL S U N Y HEALTH SCIENCE CENTER,SYRACUSE,NY,Northeast,Government,3,0.22,27.1,chronic,10,0.9613,0.99,12625.6
390056,PENN HIGHLANDS HUNTINGDON,HUNTINGDON,PA,Northeast,Non-Profit,3,0.22,27.9,intermittent,3,1.0142,0.93,1627.3
150011,MARION GENERAL HOSPITAL,MARION,IN,Midwest,Non-Profit,3,0.22,29.1,intermittent,8,1.0041,0.98,1399.5
110038,ARCHBOLD MEMORIAL HOSPITAL,THOMASVILLE,GA,South,Non-Profit,2,0.21,12.4,chronic,10,0.9957,1.0,3240.9
230024,SINAI-GRACE HOSPITAL,DETROIT,MI,Midwest,For-Profit,1,0.21,13.3,chronic,10,1.0261,1.03,5238.1
390110,CONEMAUGH MEMORIAL MEDICAL CENTER,JOHNSTOWN,PA,Northeast,For-Profit,2,0.21,19.2,chronic,10,1.0171,1.03,5066.5
310108,JFK UNIVERSITY MEDICAL CENTER,EDISON,NJ,Northeast,Non-Profit,3,0.21,21.2,chronic,10,1.0102,1.08,6871.6
260183,SAINT FRANCIS MEDICAL CENTER,CAPE GIRARDEAU,MO,Midwest,Non-Profit,3,0.21,22.3,intermittent,8,0.9469,1.01,3175.5
260040,COX MEDICAL CENTERS,SPRINGFIELD,MO,Midwest,Non-Profit,3,0.21,24.8,intermittent,9,0.9659,0.97,11760.0
100285,MEMORIAL HOSPITAL MIRAMAR,MIRAMAR,FL,South,Government,5,0.21,25.6,intermittent,7,0.9847,1.0,3085.0
340053,NOVANT HEALTH PRESBYTERIAN MEDICAL CENTER,CHARLOTTE,NC,South,Non-Profit,5,0.21,26.4,chronic,10,0.9009,0.96,9858.6
260190,LEE'S SUMMIT MEDICAL CENTER,LEES SUMMIT,MO,Midwest,For-Profit,3,0.21,27.8,chronic,10,1.0131,0.96,1731.5
280139,GRAND ISLAND REGIONAL MEDICAL CENTER,GRAND ISLAND,NE,Midwest,Non-Profit,2,0.21,28.4,intermittent,2,1.0504,0.93,985.2
510046,PRINCETON COMMUNITY HOSPITAL ASSN INC,PRINCETON,WV,South,Government,2,0.2,13.4,chronic,10,0.9871,1.06,2702.4
390270,GEISINGER WYOMING VALLEY MEDICAL CENTER,WILKES BARRE,PA,Northeast,Non-Profit,4,0.2,18.3,intermittent,8,0.9834,1.0,6985.0
370034,MCALESTER REGIONAL HEALTH CENTER,MCALESTER,OK,South,Government,3,0.2,24.4,intermittent,9,0.9775,0.98,941.4
290019,CARSON TAHOE REGIONAL MEDICAL CENTER,CARSON CITY,NV,West,Non-Profit,2,0.2,24.6,chronic,10,0.9822,0.95,3257.9
490032,MEDICAL COLLEGE OF VIRGINIA HOSPITALS,RICHMOND,VA,South,Government,4,0.2,25.1,intermittent,9,0.9677,1.02,15581.2
150069,NORTON-KING'S DAUGHTERS' HEALTH,MADISON,IN,Midwest,Non-Profit,2,0.2,26.0,intermittent,9,0.9931,1.01,783.7
670023,METHODIST MANSFIELD MEDICAL CENTER,MANSFIELD,TX,South,Non-Profit,4,0.2,29.1,chronic,10,1.0043,1.13,5046.8
450469,WILSON N JONES REGIONAL MEDICAL CENTER,SHERMAN,TX,South,For-Profit,2,0.19,11.1,chronic,10,0.9878,1.15,970.1
260200,SSM ST JOSEPH HOSPITAL WEST,LAKE SAINT LOUIS,MO,Midwest,Non-Profit,3,0.19,11.3,chronic,10,0.957,1.02,3353.4
330215,"ROME MEMORIAL HOSPITAL, INC",ROME,NY,Northeast,Non-Profit,2,0.19,16.0,chronic,10,1.0207,0.94,1544.3
510055,"CABELL HUNTINGTON HOSPITAL, INC",HUNTINGTON,WV,South,Non-Profit,3,0.19,16.5,intermittent,9,0.984,1.08,6493.7
240038,ALLINA UNITED HOSPITAL,SAINT PAUL,MN,Midwest,Non-Profit,3,0.19,20.4,chronic,10,1.039,0.94,7785.4
110161,NORTHSIDE HOSPITAL,ATLANTA,GA,South,Non-Profit,3,0.19,21.5,intermittent,8,1.0369,0.93,11944.2
450723,METHODIST CHARLTON MEDICAL CENTER,DALLAS,TX,South,Non-Profit,3,0.19,22.5,intermittent,9,0.9949,1.1,5069.8
170016,UNIVERSITY OF KANSAS HEALTH SYSTEM - ST FRANCIS CAMPUS,TOPEKA,KS,Midwest,Non-Profit,3,0.19,23.3,intermittent,9,0.9853,0.98,2215.9
390070,LOWER BUCKS HOSPITAL,BRISTOL,PA,Northeast,Non-Profit,3,0.19,27.9,chronic,10,1.0201,0.94,1180.5
140206,HUMBOLDT PARK HEALTH,CHICAGO,IL,Midwest,Non-Profit,1,0.18,4.3,chronic,10,1.0399,1.05,1504.6
150056,INDIANA UNIVERSITY HEALTH,INDIANAPOLIS,IN,Midwest,Non-Profit,3,0.18,14.6,chronic,10,0.9892,1.05,23790.6
150169,COMMUNITY HOSPITAL NORTH,INDIANAPOLIS,IN,Midwest,Non-Profit,3,0.18,15.5,chronic,10,0.9442,1.06,5910.6
390026,TEMPLE HEALTH - CHESTNUT HILL HOSPITAL,PHILADELPHIA,PA,Northeast,Non-Profit,2,0.18,15.7,chronic,10,1.054,0.99,2534.1
330250,THE UNIVERSITY OF VERMONT HEALTH NETWORK  - CHAMPL,PLATTSBURGH,NY,Northeast,Non-Profit,2,0.18,19.7,chronic,10,1.0048,0.98,3351.5
370008,NORMAN REGIONAL,NORMAN,OK,South,Government,2,0.18,19.8,intermittent,9,1.0536,0.95,3922.4
450102,CHRISTUS MOTHER FRANCES HOSPITAL,TYLER,TX,South,Non-Profit,4,0.18,20.7,intermittent,7,0.9125,1.1,8338.4
450028,VALLEY BAPTIST MEDICAL CENTER- BROWNSVILLE,BROWNSVILLE,TX,South,For-Profit,3,0.18,20.7,chronic,10,1.0013,1.05,3339.3
140276,LOYOLA UNIVERSITY MEDICAL CENTER,MAYWOOD,IL,Midwest,Non-Profit,2,0.18,20.8,chronic,10,1.0458,0.98,8943.5
150150,DUPONT HOSPITAL LLC,FORT WAYNE,IN,Midwest,For-Profit,4,0.18,21.0,intermittent,8,1.02,1.04,1543.2
490052,RIVERSIDE REGIONAL MEDICAL CENTER,NEWPORT NEWS,VA,South,Non-Profit,3,0.18,21.3,chronic,10,0.9703,1.02,6999.6
450822,MEDICAL CITY LAS COLINAS,IRVING,TX,South,For-Profit,4,0.18,24.1,chronic,10,1.0149,0.98,1454.5
250094,MERIT HEALTH WESLEY,HATTIESBURG,MS,South,Non-Profit,2,0.18,25.8,chronic,10,1.0092,0.99,1723.0
100135,TALLAHASSEE MEMORIAL HEALTHCARE,TALLAHASSEE,FL,South,Non-Profit,3,0.18,25.9,chronic,10,0.9878,1.04,7130.8
670053,ST LUKE'S SUGAR LAND HOSPITAL,SUGAR LAND,TX,South,Non-Profit,3,0.18,28.3,intermittent,8,1.0102,1.16,1575.5
490050,VIRGINIA HOSPITAL CENTER,ARLINGTON,VA,South,Non-Profit,4,0.18,28.8,chronic,10,1.0233,0.99,8077.4
670047,THE HOSPITALS OF PROVIDENCE - EAST CAMPUS,EL PASO,TX,South,For-Profit,2,0.17,7.4,chronic,10,1.0196,1.02,4932.4
250084,MERIT HEALTH NATCHEZ,NATCHEZ,MS,South,For-Profit,2,0.17,14.4,chronic,10,1.02,1.17,1010.3
140049,WEST SUBURBAN MEDICAL CENTER,OAK PARK,IL,Midwest,Non-Profit,1,0.17,17.5,chronic,10,1.0366,0.95,1747.9
440002,JACKSON-MADISON COUNTY GENERAL HOSPITAL,JACKSON,TN,South,Government,3,0.17,20.6,chronic,10,0.9799,1.1,10309.0
100093,BAPTIST HOSPITAL,PENSACOLA,FL,South,Non-Profit,4,0.17,20.8,intermittent,9,1.0036,1.05,5961.8
340041,CALDWELL MEMORIAL HOSPITAL,LENOIR,NC,South,Non-Profit,3,0.17,21.0,intermittent,8,1.028,1.03,1705.1
500058,KADLEC REGIONAL MEDICAL CENTER,RICHLAND,WA,West,Non-Profit,4,0.17,22.9,intermittent,7,0.8984,0.95,5458.9
420004,MUSC MEDICAL CENTER,CHARLESTON,SC,South,Government,2,0.17,23.3,chronic,10,1.0656,0.98,18568.5
110079,GRADY MEMORIAL HOSPITAL,ATLANTA,GA,South,Non-Profit,2,0.17,23.6,chronic,10,1.0393,0.98,16572.6
100035,MANATEE MEMORIAL HOSPITAL,BRADENTON,FL,South,For-Profit,3,0.17,23.7,chronic,10,1.0062,1.03,5292.0
100029,NORTH SHORE MEDICAL CENTER,MIAMI,FL,South,For-Profit,1,0.17,23.8,chronic,10,1.0087,1.14,3315.3
330229,"BROOKS-TLC HOSPITAL SYSTEM, INC",DUNKIRK,NY,Northeast,Non-Profit,1,0.17,24.0,intermittent,9,0.996,0.98,781.4
100088,BAPTIST HEALTH MEDICAL CENTER - JACKSONVILLE,JACKSONVILLE,FL,South,Non-Profit,4,0.17,24.4,chronic,10,1.0438,0.98,20912.4
390067,UPMC PINNACLE HOSPITALS,HARRISBURG,PA,Northeast,Non-Profit,4,0.17,25.0,chronic,10,1.0273,1.05,10840.8
490017,BON SECOURS MARYVIEW MEDICAL CENTER,PORTSMOUTH,VA,South,Non-Profit,3,0.17,25.6,intermittent,9,1.0398,1.01,3353.7
450662,VALLEY REGIONAL MEDICAL CENTER,BROWNSVILLE,TX,South,For-Profit,2,0.17,26.2,chronic,10,1.0425,0.97,3063.0
310118,HUDSON REGIONAL HOSPITAL,SECAUCUS,NJ,Northeast,For-Profit,2,0.17,27.0,chronic,10,1.0011,1.11,1508.3
450133,MIDLAND MEMORIAL HOSPITAL,MIDLAND,TX,South,Government,1,0.16,8.2,intermittent,6,1.0172,1.15,4345.2
310016,HEIGHTS UNIVERSITY HOSPITAL,JERSEY CITY,NJ,Northeast,Non-Profit,2,0.16,16.0,chronic,10,1.0133,1.2,1462.3
110043,ST JOSEPH'S HOSPITAL - SAVANNAH,SAVANNAH,GA,South,Non-Profit,2,0.16,17.8,chronic,10,0.9807,1.05,4639.1
140135,DECATUR MEMORIAL HOSPITAL,DECATUR,IL,Midwest,Non-Profit,3,0.16,19.5,chronic,10,0.9474,1.03,3360.6
260068,BOONE HOSPITAL CENTER,COLUMBIA,MO,Midwest,Non-Profit,4,0.16,19.8,intermittent,7,0.9669,1.0,3714.9
460005,OGDEN REGIONAL MEDICAL CENTER,OGDEN,UT,West,For-Profit,3,0.16,20.3,intermittent,9,1.0111,1.03,2158.5
450002,THE HOSPITALS OF PROVIDENCE - MEMORIAL CAMPUS,EL PASO,TX,South,For-Profit,2,0.16,21.4,chronic,10,1.0036,1.04,3097.5
500026,SWEDISH EDMONDS HOSPITAL,EDMONDS,WA,West,Non-Profit,3,0.16,21.6,intermittent,9,1.0093,0.94,2940.7
440110,FORT LOUDOUN MEDICAL CENTER,LENOIR CITY,TN,South,Non-Profit,4,0.16,22.4,intermittent,8,1.0202,1.03,1296.2
360078,UNIVERSITY HOSPITALS PORTAGE MEDICAL CENTER,RAVENNA,OH,Midwest,Non-Profit,3,0.16,22.9,chronic,10,1.0317,0.95,1870.7
150021,PARKVIEW REGIONAL MEDICAL CENTER,FORT WAYNE,IN,Midwest,Non-Profit,3,0.16,23.1,intermittent,8,0.9926,1.0,13810.2
230031,LAKE HURON MEDICAL CENTER,PORT HURON,MI,Midwest,Non-Profit,4,0.16,23.9,chronic,10,0.9992,0.88,1471.1
150058,MEMORIAL HOSPITAL OF SOUTH BEND,SOUTH BEND,IN,Midwest,Non-Profit,2,0.16,25.9,intermittent,9,0.9749,0.97,6774.1
390030,SCHUYLKILL MEDICAL CENTER - SOUTH JACKSON STREET,POTTSVILLE,PA,Northeast,Non-Profit,4,0.16,27.5,chronic,10,0.9785,1.07,2289.8
450154,VAL VERDE REGIONAL MEDICAL CENTER,DEL RIO,TX,South,Government,3,0.16,28.3,intermittent,9,1.0015,0.99,814.9
530014,CHEYENNE REGIONAL MEDICAL CENTER,CHEYENNE,WY,West,Non-Profit,3,0.16,28.8,chronic,10,1.0622,0.99,2392.9
260006,MOSAIC LIFE CARE AT ST JOSEPH,SAINT JOSEPH,MO,Midwest,Non-Profit,4,0.16,28.8,intermittent,6,0.9708,1.05,5537.8
440091,"MEMORIAL HEALTHCARE SYSTEM, INC",CHATTANOOGA,TN,South,Non-Profit,5,0.16,28.9,intermittent,2,0.9248,1.03,6051.4
370097,SOUTHWESTERN MEDICAL CENTER,LAWTON,OK,South,For-Profit,2,0.15,9.8,chronic,10,1.0217,1.02,756.5
450024,UNIVERSITY MEDICAL CENTER OF EL PASO,EL PASO,TX,South,Other,3,0.15,13.6,chronic,10,1.0149,1.12,6865.7
370028,"INTEGRIS BAPTIST MEDICAL CENTER, INC",OKLAHOMA CITY,OK,South,Non-Profit,3,0.15,19.3,chronic,10,0.9862,1.07,10281.5
330221,WYCKOFF HEIGHTS MEDICAL CENTER,BROOKLYN,NY,Northeast,Non-Profit,2,0.15,20.8,chronic,10,0.991,1.02,3244.2
390073,UPMC ALTOONA,ALTOONA,PA,Northeast,Non-Profit,3,0.15,21.4,chronic,10,0.9677,1.12,5451.5
360137,UH CLEVELAND MEDICAL CENTER,CLEVELAND,OH,Midwest,Non-Profit,3,0.15,22.3,chronic,10,1.042,1.05,12727.8
450537,METHODIST RICHARDSON MEDICAL CENTER,RICHARDSON,TX,South,Government,4,0.15,23.6,chronic,10,0.9686,1.19,6574.3
190050,BEAUREGARD MEMORIAL HOSPITAL,DERIDDER,LA,South,Government,3,0.15,27.8,intermittent,8,0.9942,1.23,837.5
390180,CROZER CHESTER MEDICAL CENTER,UPLAND,PA,Northeast,Non-Profit,1,0.14,4.5,intermittent,9,1.0048,1.09,4226.0
220010,MERRIMACK HEALTH LAWRENCE HOSPITAL,LAWRENCE,MA,Northeast,Non-Profit,2,0.14,15.8,chronic,10,0.9945,1.07,3692.4
220074,SOUTHCOAST HOSPITALS GROUP,FALL RIVER,MA,Northeast,Non-Profit,4,0.14,18.9,chronic,10,0.9506,1.02,11511.9
670108,BAYLOR SCOTT & WHITE MEDICAL CENTER - MARBLE FALLS,MARBLE FALLS,TX,South,Non-Profit,4,0.14,20.3,intermittent,5,0.9818,1.01,1228.3
350070,ESSENTIA HEALTH,FARGO,ND,Midwest,Non-Profit,3,0.14,24.2,chronic,10,0.9692,1.02,2918.2
200008,NORTHERN LIGHT MERCY HOSPITAL,PORTLAND,ME,Northeast,Non-Profit,4,0.14,24.5,intermittent,2,0.9793,1.0,1687.2
450638,HCA HOUSTON HEALTHCARE NORTHWEST,HOUSTON,TX,South,For-Profit,2,0.14,24.9,chronic,10,1.0508,1.07,5203.9
150128,"COMMUNITY HOSPITAL SOUTH, INC.",INDIANAPOLIS,IN,Midwest,Non-Profit,3,0.14,26.5,chronic,10,0.9994,1.09,3081.7
180070,OWENSBORO HEALTH TWIN LAKES MEDICAL CENTER,LEITCHFIELD,KY,South,Non-Profit,3,0.14,27.6,chronic,10,0.994,1.05,624.2
450711,RIO GRANDE REGIONAL HOSPITAL,MCALLEN,TX,South,For-Profit,4,0.14,28.2,chronic,10,1.0059,1.01,3162.1
440009,CUMBERLAND MEDICAL CENTER,CROSSVILLE,TN,South,Non-Profit,4,0.14,28.5,intermittent,8,0.9853,0.95,1727.3
260022,NORTHEAST REGIONAL MEDICAL CENTER,KIRKSVILLE,MO,Midwest,For-Profit,2,0.13,14.8,intermittent,9,1.0015,0.98,810.9
130028,PORTNEUF MEDICAL CENTER,POCATELLO,ID,West,For-Profit,4,0.13,17.3,intermittent,6,0.9685,1.0,2903.6
340004,HIGH POINT REGIONAL HEALTH SYSTEM,HIGH POINT,NC,South,Non-Profit,2,0.13,18.1,chronic,10,1.0179,0.95,4355.8
150008,ST CATHERINE HOSPITAL INC,EAST CHICAGO,IN,Midwest,Non-Profit,4,0.13,20.8,intermittent,9,1.0067,1.1,2362.6
450718,ROUND ROCK MEDICAL CENTER,ROUND ROCK,TX,South,For-Profit,3,0.13,21.1,chronic,10,0.978,1.05,4490.4
160079,MERCY MEDICAL CENTER - CEDAR RAPIDS,CEDAR RAPIDS,IA,Midwest,Non-Profit,4,0.13,22.7,intermittent,8,0.9344,0.95,3344.0
390339,PENN STATE HEALTH LANCASTER MEDICAL CENTER,LANCASTER,PA,Northeast,Non-Profit,3,0.13,23.4,chronic,1,0.9992,0.99,2088.3
150018,ELKHART GENERAL HOSPITAL,ELKHART,IN,Midwest,Government,4,0.13,24.9,intermittent,9,0.9759,0.98,3448.8
360123,UH ST JOHN MEDICAL CENTER,WESTLAKE,OH,Midwest,Non-Profit,4,0.13,27.5,chronic,10,0.9923,1.06,2153.2
500008,UNIVERSITY OF WASHINGTON MEDICAL CTR,SEATTLE,WA,West,Government,4,0.13,28.0,chronic,10,1.0007,0.97,13561.0
170185,SAINT LUKE'S SOUTH HOSPITAL,OVERLAND PARK,KS,Midwest,Non-Profit,4,0.13,29.0,intermittent,9,1.0664,1.06,2280.9
460011,CASTLEVIEW HOSPITAL,PRICE,UT,West,For-Profit,2,0.12,12.9,intermittent,6,1.0573,1.01,402.9
420026,MUSC HEALTH COLUMBIA MEDICAL CENTER DOWNTOWN,COLUMBIA,SC,South,Non-Profit,3,0.12,16.8,chronic,10,0.9235,1.02,3425.1
320005,SAN JUAN REGIONAL MEDICAL CENTER INC,FARMINGTON,NM,West,Non-Profit,2,0.12,17.3,chronic,10,0.9671,0.98,2533.8
330127,JACOBI MEDICAL CENTER,BRONX,NY,Northeast,Government,2,0.12,18.0,intermittent,9,1.0097,1.04,7823.9
330307,CAYUGA MEDICAL CENTER AT ITHACA,ITHACA,NY,Northeast,Non-Profit,3,0.12,18.3,intermittent,9,0.9621,1.04,2033.1
100073,HOLY CROSS HOSPITAL,FT LAUDERDALE,FL,South,Non-Profit,4,0.12,19.3,chronic,10,0.9673,1.06,4887.2
270012,BENEFIS HOSPITALS INC,GREAT FALLS,MT,West,Non-Profit,2,0.12,19.8,intermittent,8,0.9442,0.94,5423.0
440020,SOUTHERN TENNESSEE REGIONAL HEALTH SYSTEM PULASKI,PULASKI,TN,South,For-Profit,3,0.12,20.0,intermittent,9,0.9755,0.94,913.7
330386,GARNET HEALTH  MEDICAL CENTER CATSKILLS,HARRIS,NY,Northeast,Non-Profit,2,0.12,21.2,chronic,10,1.0092,0.98,1455.9
310019,ST JOSEPH'S UNIVERSITY MEDICAL CENTER INC,PATERSON,NJ,Northeast,Non-Profit,3,0.12,22.0,chronic,10,1.0568,1.1,9901.2
150173,INDIANA UNIVERSITY HEALTH ARNETT HOSPITAL,LAFAYETTE,IN,Midwest,Non-Profit,4,0.12,23.0,intermittent,8,0.9852,0.99,3529.3
230132,HURLEY MEDICAL CENTER,FLINT,MI,Midwest,Non-Profit,2,0.12,23.3,chronic,10,0.9575,0.96,6416.2
150024,ESKENAZI HEALTH,INDIANAPOLIS,IN,Midwest,Government,3,0.12,23.7,intermittent,5,1.034,0.98,5968.8
390057,ST LUKE'S HOSPITAL - GRAND VIEW CAMPUS,SELLERSVILLE,PA,Northeast,Non-Profit,4,0.12,23.8,intermittent,7,0.9921,0.97,2671.9
300011,ST JOSEPH HOSPITAL,NASHUA,NH,Northeast,Non-Profit,4,0.12,24.7,chronic,10,0.9442,1.02,2045.0
280130,CHI HEALTH LAKESIDE,OMAHA,NE,Midwest,Non-Profit,4,0.12,25.2,chronic,10,0.9641,0.96,2214.3
390097,HOLY REDEEMER HOSPITAL AND MEDICAL CENTER,MEADOWBROOK,PA,Northeast,Non-Profit,3,0.12,25.4,intermittent,9,1.0277,0.93,2691.8
450346,BAPTIST BEAUMONT HOSPITAL,BEAUMONT,TX,South,Non-Profit,3,0.12,26.1,chronic,10,0.9981,1.03,5387.0
440015,"UNIVERSITY HEALTH SYSTEM, INC",KNOXVILLE,TN,South,Non-Profit,4,0.12,26.3,chronic,10,0.9907,0.99,13998.3
370023,"DUNCAN REGIONAL HOSPITAL, INC",DUNCAN,OK,South,Non-Profit,3,0.12,26.6,intermittent,9,0.9655,1.0,1523.1
100069,AdventHealth Carrollwood,TAMPA,FL,South,Non-Profit,3,0.12,26.9,intermittent,9,1.0368,1.02,2650.9
420027,ANMED HEALTH,ANDERSON,SC,South,Non-Profit,4,0.12,27.0,chronic,10,0.9764,1.11,5941.2
230054,UPHS MARQUETTE DLP HOSPITAL,MARQUETTE,MI,Midwest,Government,3,0.12,28.3,intermittent,7,0.9505,1.01,3074.9
100039,BROWARD HEALTH MEDICAL CENTER,FORT LAUDERDALE,FL,South,Government,3,0.12,28.8,chronic,10,1.0093,1.06,9309.4
440039,VANDERBILT UNIVERSITY MEDICAL CENTER,NASHVILLE,TN,South,Non-Profit,5,0.12,29.0,chronic,10,0.9173,1.0,23448.4
460058,INTERMOUNTAIN HEALTH RIVERTON HOSPITAL,RIVERTON,UT,West,Non-Profit,5,0.12,29.2,intermittent,7,0.9566,0.94,1651.3
390256,MILTON S HERSHEY MEDICAL CENTER,HERSHEY,PA,Northeast,Non-Profit,4,0.12,29.2,chronic,10,1.0088,1.05,13050.5
130007,SAINT ALPHONSUS REGIONAL MEDICAL CENTER,BOISE,ID,West,Non-Profit,3,0.11,13.6,intermittent,3,0.9667,1.02,6028.5
110198,WELLSTAR NORTH FULTON MEDICAL CENTER,ROSWELL,GA,South,For-Profit,2,0.11,14.8,chronic,10,0.9748,0.95,3763.2
330234,WESTCHESTER MEDICAL CENTER,VALHALLA,NY,Northeast,Non-Profit,2,0.11,17.6,chronic,10,0.9628,1.1,13593.4
110006,ST MARY'S HOSPITAL,ATHENS,GA,South,Non-Profit,1,0.11,17.8,intermittent,7,1.1239,0.99,3090.5
100299,LAKEWOOD RANCH MEDICAL CENTER,BRADENTON,FL,South,For-Profit,4,0.11,19.2,intermittent,6,1.0033,1.09,2238.8
110024,CANDLER HOSPITAL,SAVANNAH,GA,South,Non-Profit,2,0.11,20.4,intermittent,8,0.9796,1.01,4358.1
330218,OSWEGO HOSPITAL,OSWEGO,NY,Northeast,Non-Profit,3,0.11,20.4,chronic,10,1.0284,1.0,1296.3
420065,BON SECOURS-ST FRANCIS XAVIER HOSPITAL,CHARLESTON,SC,South,Non-Profit,3,0.11,24.3,intermittent,6,0.9957,1.01,2688.4
360003,"UNIVERSITY OF CINCINNATI MEDICAL CENTER, LLC",CINCINNATI,OH,Midwest,Non-Profit,3,0.11,24.3,chronic,10,0.9783,1.07,12912.9
310012,VALLEY HOSPITAL,PARAMUS,NJ,Northeast,Non-Profit,4,0.11,24.4,chronic,10,1.0078,1.03,7066.6
330286,GOOD SAMARITAN HOSPITAL MEDICAL CENTER,WEST ISLIP,NY,Northeast,Non-Profit,3,0.11,26.3,chronic,10,0.8888,1.08,7349.6
500141,ST FRANCIS COMMUNITY HOSPITAL,FEDERAL WAY,WA,West,Non-Profit,4,0.11,26.5,intermittent,8,0.9974,0.95,3248.5
450035,ST JOSEPH MEDICAL CENTER,HOUSTON,TX,South,Other,3,0.11,26.8,chronic,10,0.9817,1.02,2397.0
190060,LAKE CHARLES MEMORIAL HOSPITAL,LAKE CHARLES,LA,South,Non-Profit,3,0.11,28.8,chronic,10,0.9856,1.02,3514.3
160083,MERCYONE DES MOINES MEDICAL CENTER,DES MOINES,IA,Midwest,Non-Profit,1,0.1,9.1,intermittent,6,0.9274,1.01,9454.2
150161,INDIANA UNIVERSITY HEALTH NORTH HOSPITAL,CARMEL,IN,Midwest,Non-Profit,4,0.1,17.6,intermittent,6,0.9753,1.03,2541.7
150113,COMMUNITY HOSPITAL OF ANDERSON AND MADISON COUNTY,ANDERSON,IN,Midwest,Non-Profit,3,0.1,18.6,chronic,10,0.9395,1.01,1985.0
310054,HACKENSACK MERIDIAN MOUNTAINSIDE MEDICAL,MONTCLAIR,NJ,Northeast,For-Profit,4,0.1,18.8,chronic,10,0.9914,1.08,3241.3
180048,EPHRAIM MCDOWELL REGIONAL MEDICAL CENTER,DANVILLE,KY,South,Non-Profit,3,0.1,19.7,chronic,10,0.9955,1.07,2069.3
450686,UNIVERSITY MEDICAL CENTER,LUBBOCK,TX,South,Government,2,0.1,20.4,chronic,10,1.0192,1.16,9129.0
150026,GOSHEN HOSPITAL,GOSHEN,IN,Midwest,Non-Profit,3,0.1,24.4,intermittent,7,0.9785,1.0,1619.6
140186,RIVERSIDE MEDICAL CENTER,KANKAKEE,IL,Midwest,Non-Profit,4,0.1,26.8,chronic,10,0.9981,1.09,3218.0
160013,TRINITY MUSCATINE,MUSCATINE,IA,Midwest,Non-Profit,4,0.1,28.0,intermittent,6,0.9619,0.93,421.4
340085,NOVANT HEALTH THOMASVILLE MEDICAL CENTER,THOMASVILLE,NC,South,Non-Profit,3,0.1,28.5,chronic,10,0.9747,0.94,1406.6
330080,LINCOLN MEDICAL & MENTAL HEALTH CENTER,BRONX,NY,Northeast,Government,2,0.09,16.5,chronic,10,0.9806,1.01,5545.9
330399,ST BARNABAS HOSPITAL,BRONX,NY,Northeast,Non-Profit,1,0.09,18.2,intermittent,9,1.0288,0.98,5233.5
330394,"UNITED HEALTH SERVICES HOSPITALS, INC",BINGHAMTON,NY,Northeast,Non-Profit,2,0.09,18.7,chronic,10,0.9843,0.95,7495.5
390185,LEHIGH VALLEY HOSPITAL - HAZLETON,HAZLETON,PA,Northeast,Non-Profit,2,0.09,20.0,chronic,10,0.937,1.0,1862.1
450847,MEMORIAL HERMANN KATY HOSPITAL,KATY,TX,South,Non-Profit,3,0.09,20.5,chronic,10,0.9623,0.99,4548.4
360150,SUMMA WESTERN RESERVE HOSPITAL,CUYAHOGA FALLS,OH,Midwest,Non-Profit,3,0.09,21.1,chronic,10,1.0258,0.97,1232.0
240047,ST LUKES HOSPITAL,DULUTH,MN,Midwest,Non-Profit,3,0.09,21.5,intermittent,9,0.966,0.99,3089.7
450082,CHRISTUS SPOHN HOSPITAL BEEVILLE,BEEVILLE,TX,South,Non-Profit,2,0.09,21.8,intermittent,8,1.0291,1.16,596.0
500044,DEACONESS MEDICAL CENTER,SPOKANE,WA,West,Non-Profit,3,0.09,22.4,chronic,10,0.9331,0.97,3701.1
500088,VALLEY MEDICAL CENTER,RENTON,WA,West,Government,2,0.09,24.3,intermittent,9,0.996,0.94,6838.6
440144,VANDERBILT TULLAHOMA-HARTON HOSPITAL,TULLAHOMA,TN,South,Non-Profit,3,0.09,24.5,intermittent,9,1.0056,0.99,2039.2
440003,HIGHPOINT HEALTH-SUMNER WITH ASCENSION SAINT THOMA,GALLATIN,TN,South,For-Profit,3,0.09,26.3,chronic,10,1.0103,1.01,2550.9
140125,GATEWAY REGIONAL MEDICAL CENTER,GRANITE CITY,IL,Midwest,Non-Profit,2,0.09,26.7,chronic,10,0.9975,1.0,1231.4
310074,JERSEY CITY MEDICAL CENTER,JERSEY CITY,NJ,Northeast,Non-Profit,3,0.09,27.1,chronic,10,1.0233,1.06,5448.2
320022,PLAINS REGIONAL MEDICAL CENTER,CLOVIS,NM,West,Non-Profit,2,0.09,28.4,intermittent,9,0.9847,0.88,1363.0
450213,UNIVERSITY HEALTH SYSTEM,SAN ANTONIO,TX,South,Government,3,0.09,28.4,chronic,10,0.9923,1.03,15798.5
460052,TIMPANOGOS REGIONAL HOSPITAL,OREM,UT,West,For-Profit,4,0.09,29.1,intermittent,9,0.9831,1.08,1478.8
330202,KINGS COUNTY HOSPITAL CENTER,BROOKLYN,NY,Northeast,Government,1,0.08,9.3,chronic,10,0.9804,1.02,7422.9
360161,MH ST JOSEPH WARREN HOSPITAL,WARREN,OH,Midwest,Non-Profit,3,0.08,13.3,chronic,10,1.0153,1.02,3053.6
390204,NAZARETH HOSPITAL,PHILADELPHIA,PA,Northeast,Non-Profit,2,0.08,14.0,intermittent,9,0.9811,1.06,2570.1
140018,MT SINAI HOSPITAL MEDICAL CENTER,CHICAGO,IL,Midwest,Non-Profit,1,0.08,14.6,chronic,10,1.0065,0.99,3690.0
450147,DE TAR HOSPITAL NAVARRO,VICTORIA,TX,South,For-Profit,2,0.08,15.7,chronic,10,1.002,1.16,2129.9
250004,NORTH MISSISSIPPI MEDICAL CENTER,TUPELO,MS,South,Non-Profit,2,0.08,16.4,intermittent,9,0.9454,1.04,8065.7
330233,BROOKDALE HOSPITAL MEDICAL CENTER,BROOKLYN,NY,Northeast,Non-Profit,1,0.08,16.5,chronic,10,1.0123,1.05,7983.1
440197,TRISTAR SOUTHERN HILLS MEDICAL CENTER,NASHVILLE,TN,South,For-Profit,4,0.08,19.7,chronic,10,0.9765,1.08,1836.4
490136,BON SECOURS ST FRANCIS MEDICAL CENTER,MIDLOTHIAN,VA,South,Non-Profit,3,0.08,19.8,intermittent,8,1.0478,0.99,3824.8
430005,"PRAIRIE LAKES HEALTHCARE SYSTEM, INC",WATERTOWN,SD,Midwest,Non-Profit,3,0.08,21.0,chronic,10,0.9637,0.98,803.6
170049,UNIVERSITY OF KANSAS HEALTH SYSTEM OLATHE HOSPITAL,OLATHE,KS,Midwest,Non-Profit,4,0.08,21.3,chronic,10,0.9547,1.0,3855.0
370054,GRADY MEMORIAL HOSPITAL,CHICKASHA,OK,South,Government,2,0.08,22.0,chronic,10,0.951,1.02,598.3
100220,GULF COAST MEDICAL CENTER LEE HEALTH,FORT MYERS,FL,South,Government,4,0.08,23.0,chronic,10,0.9778,0.98,11423.3
190036,OCHSNER MEDICAL CENTER ACUTE,NEW ORLEANS,LA,South,Non-Profit,4,0.08,25.1,intermittent,9,1.0092,0.99,15144.8
420105,MCLEOD LORIS  HOSPITAL,LORIS,SC,South,Non-Profit,4,0.08,26.2,intermittent,9,0.9655,1.0,3913.3
330261,PHELPS HOSPITAL,SLEEPY HOLLOW,NY,Northeast,Non-Profit,4,0.08,26.9,chronic,10,0.9317,1.03,2722.4
170086,STORMONT VAIL HOSPITAL,TOPEKA,KS,Midwest,Non-Profit,4,0.08,27.3,chronic,10,0.9812,1.06,5731.7
150012,SAINT JOSEPH REGIONAL MEDICAL CENTER,MISHAWAKA,IN,Midwest,Non-Profit,2,0.08,27.9,intermittent,5,1.0012,0.96,3824.1
390032,ALLEGHENY VALLEY HOSPITAL,NATRONA,PA,Northeast,Non-Profit,4,0.08,27.9,chronic,10,1.0057,1.0,1218.2
380075,PROVIDENCE MEDFORD MEDICAL CENTER,MEDFORD,OR,West,Non-Profit,2,0.08,28.1,chronic,10,1.0317,0.91,1891.0
360025,FIRELANDS REGIONAL MEDICAL CENTER,SANDUSKY,OH,Midwest,Non-Profit,4,0.08,28.6,intermittent,9,0.9896,1.03,2758.2
310119,THE UNIVERSITY HOSPITAL,NEWARK,NJ,Northeast,Government,1,0.07,14.7,chronic,10,1.0215,1.11,7571.7
280003,BRYAN MEDICAL CENTER,LINCOLN,NE,Midwest,Non-Profit,3,0.07,16.8,intermittent,4,0.9693,1.01,8745.2
140292,UCHICAGO MEDICINE ADVENTHEALTH GLENOAKS,GLENDALE HEIGHTS,IL,Midwest,Non-Profit,3,0.07,16.8,intermittent,9,1.0242,1.08,1089.9
450097,HCA HOUSTON HEALTHCARE SOUTHEAST,PASADENA,TX,South,For-Profit,3,0.07,17.8,chronic,10,1.0032,1.11,4349.1
670055,METHODIST HOSPITAL  STONE OAK,SAN ANTONIO,TX,South,For-Profit,4,0.07,18.3,chronic,10,0.9683,1.04,4821.1
330224,HEALTHALLIANCE HOSPITAL MARYS AVENUE CAMPUS,KINGSTON,NY,Northeast,Non-Profit,1,0.07,18.8,intermittent,7,1.0405,1.07,2245.3
250168,UNIVERSITY OF MISSISSIPPI MEDICAL CENTER- GRENADA,GRENADA,MS,South,Government,1,0.07,20.8,intermittent,9,1.0486,1.23,869.9
390160,CANONSBURG GENERAL HOSPITAL,CANONSBURG,PA,Northeast,Non-Profit,3,0.07,20.8,intermittent,9,1.0073,1.04,961.5
360048,UNIVERSITY OF TOLEDO MEDICAL CENTER,TOLEDO,OH,Midwest,Government,3,0.07,21.1,chronic,10,1.0211,1.02,3186.6
140124,JOHN H STROGER JR HOSPITAL,CHICAGO,IL,Midwest,Government,2,0.07,24.2,intermittent,9,1.0029,0.98,6456.2
390153,PAOLI HOSPITAL,PAOLI,PA,Northeast,Non-Profit,5,0.07,25.3,intermittent,8,0.9643,1.0,4857.3
360091,MEDINA HOSPITAL,MEDINA,OH,Midwest,Non-Profit,5,0.07,25.8,intermittent,9,0.983,1.05,3111.8
340014,NOVANT HEALTH FORSYTH MEDICAL CENTER,WINSTON-SALEM,NC,South,Non-Profit,4,0.07,27.1,chronic,10,0.9028,0.95,15980.7
280081,CHI HEALTH IMMANUEL,OMAHA,NE,Midwest,Non-Profit,3,0.07,27.5,chronic,10,1.0059,1.03,2847.2
420023,ST FRANCIS-DOWNTOWN,GREENVILLE,SC,South,Non-Profit,4,0.07,27.6,intermittent,6,0.9415,1.01,6619.8
170013,HAYS MEDICAL CENTER,HAYS,KS,Midwest,Non-Profit,3,0.07,27.9,intermittent,9,0.9473,1.05,2044.5
450644,HCA HOUSTON HEALTHCARE WEST,HOUSTON,TX,South,For-Profit,1,0.07,28.1,chronic,10,1.0032,1.0,2924.2
180141,UNIVERSITY OF LOUISVILLE HOSPITAL,LOUISVILLE,KY,South,Non-Profit,1,0.06,8.7,intermittent,9,1.0429,1.13,7223.8
310092,CAPITAL HEALTH REGIONAL MEDICAL CENTER,TRENTON,NJ,Northeast,Non-Profit,2,0.06,12.2,chronic,10,1.0047,1.2,4358.0
390001,GEISINGER-COMMUNITY MEDICAL CENTER,SCRANTON,PA,Northeast,Non-Profit,2,0.06,14.2,intermittent,8,1.0391,0.99,5840.6
100032,ORLANDO HEALTH BAYFRONT HOSPITAL,SAINT PETERSBURG,FL,South,Non-Profit,2,0.06,16.9,chronic,10,1.0274,1.11,4274.9
360010,UNION HOSPITAL,DOVER,OH,Midwest,Non-Profit,3,0.06,19.5,intermittent,7,1.0034,1.01,1556.2
100105,CLEVELAND CLINIC INDIAN RIVER HOSPITAL,VERO BEACH,FL,South,Non-Profit,4,0.06,20.0,chronic,10,0.947,1.01,4678.6
160082,UNITYPOINT HEALTH - DES MOINES IOWA METHODIST MEDI,DES MOINES,IA,Midwest,Non-Profit,3,0.06,21.9,intermittent,7,0.9464,0.97,12210.1
340173,"WAKEMED, CARY HOSPITAL",CARY,NC,South,Non-Profit,5,0.06,23.2,chronic,10,0.9573,0.98,5128.5
190013,WEST CALCASIEU CAMERON HOSPITAL,SULPHUR,LA,South,Government,4,0.06,24.3,chronic,10,0.9218,1.03,875.7
490114,LONESOME PINE HOSPITAL,BIG STONE GAP,VA,South,Non-Profit,4,0.06,24.4,intermittent,9,0.989,1.0,1276.9
250057,KING'S DAUGHTERS MEDICAL CENTER-BROOKHAVEN,BROOKHAVEN,MS,South,Non-Profit,3,0.06,27.0,chronic,10,0.9834,1.01,709.6
420037,PRISMA HEALTH HILLCREST HOSPITAL,SIMPSONVILLE,SC,South,Non-Profit,4,0.06,27.8,intermittent,6,0.9712,0.98,1586.3
270049,INTERMOUNTAIN HEALTH ST VINCENT REGIONAL HOSPITAL,BILLINGS,MT,West,Non-Profit,4,0.06,27.9,intermittent,8,0.9111,1.01,3871.3
340010,UNC HEALTH CARE WAYNE,GOLDSBORO,NC,South,Non-Profit,3,0.06,28.0,chronic,10,0.9651,0.96,3843.1
230038,SPECTRUM HEALTH,GRAND RAPIDS,MI,Midwest,Non-Profit,4,0.06,29.0,intermittent,9,0.9115,0.96,20143.8
300003,MARY HITCHCOCK MEMORIAL HOSPITAL,LEBANON,NH,Northeast,Non-Profit,3,0.06,29.2,intermittent,3,0.9201,1.02,8992.8
330013,ALBANY MEDICAL CENTER HOSPITAL,ALBANY,NY,Northeast,Non-Profit,1,0.05,7.5,chronic,10,0.9571,1.0,14212.0
190086,NORTHERN LOUISIANA MEDICAL CENTER,RUSTON,LA,South,For-Profit,2,0.05,14.3,chronic,10,1.0062,1.32,1243.4
150009,NORTON CLARK HOSPITAL,JEFFERSONVILLE,IN,Midwest,Non-Profit,3,0.05,19.0,chronic,10,0.9695,1.09,2354.8
140184,HEARTLAND REGIONAL MEDICAL CENTER,MARION,IL,Midwest,For-Profit,2,0.05,20.4,chronic,10,1.0434,1.09,1512.7
360017,GRANT MEDICAL CENTER,COLUMBUS,OH,Midwest,Non-Profit,2,0.05,21.4,chronic,10,1.0116,0.97,9403.8
190125,ST FRANCIS MEDICAL CENTER,MONROE,LA,South,Non-Profit,3,0.05,22.0,intermittent,8,0.9717,1.08,6166.5
370016,INTEGRIS HEALTH ENID HOSPITAL,ENID,OK,South,Non-Profit,3,0.05,22.3,intermittent,7,0.9828,1.11,996.8
430027,SANFORD USD MEDICAL CENTER,SIOUX FALLS,SD,Midwest,Non-Profit,5,0.05,27.4,intermittent,4,0.9566,1.07,7521.6
310113,SOUTHERN OCEAN MEDICAL CENTER,MANAHAWKIN,NJ,Northeast,Non-Profit,4,0.05,27.5,intermittent,6,1.0077,1.05,2916.0
230075,BRONSON BATTLE CREEK HOSPITAL,BATTLE CREEK,MI,Midwest,For-Profit,3,0.05,27.7,intermittent,6,1.0893,0.94,2775.5
450046,CHRISTUS SPOHN HOSPITAL CORPUS CHRISTI,CORPUS CHRISTI,TX,South,Non-Profit,3,0.05,28.4,chronic,10,1.0024,1.09,8664.4
100288,ST MARY'S MEDICAL CENTER,WEST PALM BEACH,FL,South,For-Profit,1,0.04,12.6,chronic,10,0.9951,1.04,5742.4
380021,HILLSBORO MEDICAL CENTER,HILLSBORO,OR,West,Non-Profit,3,0.04,17.0,intermittent,5,0.9749,0.96,1968.7
260096,NKC HEALTH,NORTH KANSAS CITY,MO,Midwest,Government,4,0.04,17.3,chronic,10,0.9665,1.03,7070.2
440132,WEST TENNESSEE HEALTHCARE HENRY COUNTY HOSPITAL,PARIS,TN,South,Government,3,0.04,17.4,chronic,10,0.9744,1.01,627.6
340087,THE MCDOWELL HOSPITAL,MARION,NC,South,Non-Profit,3,0.04,19.9,intermittent,5,1.0178,0.96,908.8
150017,LUTHERAN HOSPITAL OF INDIANA,FORT WAYNE,IN,Midwest,For-Profit,3,0.04,21.4,intermittent,6,0.9927,1.07,7050.7
360185,SALEM REGIONAL MEDICAL CENTER,SALEM,OH,Midwest,Non-Profit,3,0.04,21.7,intermittent,9,0.9661,1.02,1064.5
290001,RENOWN REGIONAL MEDICAL CENTER,RENO,NV,West,Non-Profit,3,0.04,22.3,intermittent,7,0.9349,1.03,10210.4
380009,OHSU HOSPITAL AND CLINICS,PORTLAND,OR,West,Non-Profit,3,0.04,22.8,intermittent,8,0.9887,0.97,11335.4
330193,FLUSHING HOSPITAL MEDICAL CENTER,FLUSHING,NY,Northeast,Non-Profit,2,0.04,22.8,intermittent,9,0.9947,1.25,3268.8
360068,PROMEDICA TOLEDO HOSPITAL,TOLEDO,OH,Midwest,Non-Profit,4,0.04,23.5,intermittent,6,0.9607,1.03,11529.8
390268,MOUNT NITTANY MEDICAL CENTER,STATE COLLEGE,PA,Northeast,Non-Profit,5,0.04,25.7,intermittent,9,1.0056,1.03,3015.1
280023,CHI HEALTH ST. FRANCIS,GRAND ISLAND,NE,Midwest,Non-Profit,4,0.04,26.5,intermittent,4,0.9846,1.03,1461.1
360087,LUTHERAN HOSPITAL,CLEVELAND,OH,Midwest,Non-Profit,3,0.04,27.0,intermittent,9,1.0257,0.97,2396.4
450828,CHRISTUS SPOHN HOSPITAL ALICE,ALICE,TX,South,Non-Profit,3,0.04,27.4,intermittent,6,0.9762,1.1,1013.0
130018,EASTERN IDAHO REGIONAL MEDICAL CENTER,IDAHO FALLS,ID,West,For-Profit,3,0.04,27.5,intermittent,6,0.9673,1.0,2998.7
280020,CHI HEALTH ST. ELIZABETH,LINCOLN,NE,Midwest,Non-Profit,4,0.04,28.0,intermittent,5,0.9919,1.03,2243.9
370037,SSM HEALTH ST ANTHONY HOSPITAL - OKLAHOMA CITY,OKLAHOMA CITY,OK,South,Non-Profit,4,0.04,28.2,chronic,10,0.9033,1.0,6789.2
370026,ST MARY'S REGIONAL MEDICAL CENTER,ENID,OK,South,For-Profit,3,0.03,16.3,intermittent,3,0.9406,1.04,1391.7
100265,MEASE COUNTRYSIDE HOSPITAL,SAFETY HARBOR,FL,South,Non-Profit,4,0.03,16.3,intermittent,3,0.963,1.01,6120.0
360013,WILSON MEMORIAL HOSPITAL,SIDNEY,OH,Midwest,Non-Profit,2,0.03,18.3,intermittent,9,0.9948,1.01,790.8
100183,CORAL GABLES HOSPITAL,CORAL GABLES,FL,South,For-Profit,3,0.03,18.9,chronic,10,0.993,1.17,1311.1
420086,PRISMA HEALTH BAPTIST,COLUMBIA,SC,South,Non-Profit,4,0.03,19.3,intermittent,6,1.0225,1.04,3362.6
330136,BASSETT HEALTHCARE,COOPERSTOWN,NY,Northeast,Non-Profit,2,0.03,20.7,chronic,10,0.9498,0.99,3131.2
450656,NACOGDOCHES MEDICAL CENTER,NACOGDOCHES,TX,South,Non-Profit,3,0.03,22.3,chronic,10,1.0103,0.99,1897.4
110129,ST FRANCIS HOSPITAL- EMORY HEALTHCARE,COLUMBUS,GA,South,Non-Profit,3,0.03,22.4,intermittent,5,1.0009,1.0,6557.7
100122,NORTH OKALOOSA MEDICAL CENTER,CRESTVIEW,FL,South,Non-Profit,3,0.03,22.7,chronic,10,1.0014,1.03,1838.7
500036,YAKIMA VALLEY MEMORIAL,YAKIMA,WA,West,Non-Profit,1,0.03,22.8,intermittent,8,0.9714,0.94,4035.4
330043,NS/LIJ HS SOUTHSIDE HOSPITAL,BAY SHORE,NY,Northeast,Non-Profit,3,0.03,24.3,chronic,10,0.9896,1.1,6778.4
110124,WAYNE MEMORIAL HOSPITAL,JESUP,GA,South,Government,3,0.03,25.9,chronic,10,1.0128,1.1,958.7
240057,ABBOTT NORTHWESTERN HOSPITAL,MINNEAPOLIS,MN,Midwest,Non-Profit,4,0.03,26.8,chronic,10,0.9671,0.95,12150.2
450051,METHODIST DALLAS MEDICAL CENTER,DALLAS,TX,South,Non-Profit,3,0.03,27.5,chronic,10,0.9787,1.01,8007.8
330024,MOUNT SINAI HOSPITAL,NEW YORK,NY,Northeast,Non-Profit,4,0.03,28.0,intermittent,9,0.9057,0.98,20299.8
230047,HENRY FORD MACOMB HOSPITAL,CLINTON TOWNSHIP,MI,Midwest,Non-Profit,3,0.03,28.2,chronic,10,0.9586,0.97,6978.1
520087,GUNDERSEN LUTHERAN MEDICAL CENTER,LA CROSSE,WI,Midwest,Non-Profit,4,0.03,28.5,intermittent,3,0.933,1.07,5065.7
140275,GENESIS HLTH SYSTEM DBA GENESIS MDL CTR-ILLINI,SILVIS,IL,Midwest,Government,2,0.02,9.6,chronic,10,0.9477,1.11,896.6
180013,THE MEDICAL CENTER (BOWLING GREEN),BOWLING GREEN,KY,South,Non-Profit,2,0.02,10.9,chronic,10,0.9494,1.06,5695.6
440017,WELLMONT HOLSTON VALLEY MEDICAL CENTER,KINGSPORT,TN,South,Non-Profit,2,0.02,11.3,chronic,10,0.9712,1.1,5541.0
450289,HARRIS HEALTH,HOUSTON,TX,South,Government,3,0.02,16.0,intermittent,8,1.0334,0.98,11199.7
390198,LECOM MEDICAL CENTER AND BEHAVIORAL HEALTH PAV,ERIE,PA,Northeast,Non-Profit,1,0.02,16.7,chronic,10,1.0294,1.15,2223.6
390096,PENN STATE HEALTH ST. JOSEPH,READING,PA,Northeast,Non-Profit,3,0.02,17.0,intermittent,8,0.9914,1.05,2693.2
450040,COVENANT MEDICAL CENTER,LUBBOCK,TX,South,Non-Profit,3,0.02,18.7,intermittent,9,0.9329,1.13,8117.5
330219,ERIE COUNTY MEDICAL CENTER,BUFFALO,NY,Northeast,Non-Profit,2,0.02,20.1,intermittent,6,0.9757,0.98,7854.1
100022,JACKSON HEALTH SYSTEM,MIAMI,FL,South,Government,1,0.02,21.8,chronic,10,1.0154,1.11,27306.7
430016,AVERA MCKENNAN HOSPITAL & UNIVERSITY HEALTH CENTER,SIOUX FALLS,SD,Midwest,Non-Profit,4,0.02,22.3,intermittent,5,0.968,1.02,6960.8
360109,COSHOCTON REGIONAL MEDICAL CENTER,COSHOCTON,OH,Midwest,Non-Profit,4,0.02,23.5,intermittent,9,0.9782,0.94,642.2
420015,PRISMA HEALTH BAPTIST EASLEY HOSPITAL,EASLEY,SC,South,Non-Profit,4,0.02,23.6,intermittent,9,0.9772,0.96,1722.5
230066,TRINITY HEALTH MUSKEGON HOSPITAL,MUSKEGON,MI,Midwest,Non-Profit,3,0.02,24.0,intermittent,2,0.9183,0.92,5279.3
500027,SWEDISH MEDICAL CENTER,SEATTLE,WA,West,Non-Profit,4,0.02,24.3,intermittent,8,0.9368,0.95,8998.0
350002,CHI ST ALEXIUS HEALTH,BISMARCK,ND,Midwest,Non-Profit,4,0.02,25.1,intermittent,5,0.9494,0.94,2284.9
460009,UNIVERSITY OF UTAH HOSPITAL AND CLINICS,SALT LAKE CITY,UT,West,Government,5,0.02,25.3,intermittent,6,0.9347,1.0,13165.5
250050,BAPTIST MEMORIAL HOSPITAL-OKTIBBEHA COUNTY,STARKVILLE,MS,South,Government,2,0.02,25.8,intermittent,9,1.0212,1.06,645.1
500002,PROVIDENCE ST MARY MEDICAL CENTER,WALLA WALLA,WA,West,Non-Profit,3,0.02,25.8,intermittent,4,0.8957,0.96,1520.1
460051,HOLY CROSS HOSPITAL-JORDAN VALLEY,WEST JORDAN,UT,West,Non-Profit,4,0.02,26.0,intermittent,9,0.9731,0.99,2521.3
490009,UNIVERSITY OF VIRGINIA MEDICAL CENTER,CHARLOTTESVILLE,VA,South,Government,4,0.02,26.1,chronic,10,0.9689,1.01,12516.1
430077,MONUMENT HEALTH RAPID CITY HOSPITAL,RAPID CITY,SD,Midwest,Non-Profit,3,0.02,26.7,intermittent,9,0.9495,1.0,6436.2
390219,EXCELA HEALTH LATROBE HOSPITAL,LATROBE,PA,Northeast,Non-Profit,4,0.02,27.1,chronic,10,0.9834,0.93,1946.3
240004,HENNEPIN COUNTY MEDICAL CENTER,MINNEAPOLIS,MN,Midwest,Government,3,0.02,27.3,chronic,10,0.9942,0.99,7065.5
160104,TRINITY - BETTENDORF,BETTENDORF,IA,Midwest,Non-Profit,3,0.02,27.4,intermittent,9,1.0006,0.95,1412.7
330065,NIAGARA FALLS MEMORIAL MEDICAL CENTER,NIAGARA FALLS,NY,Northeast,Non-Profit,1,0.02,27.8,chronic,10,1.0071,0.95,2127.1
260113,MISSOURI DELTA MEDICAL CENTER,SIKESTON,MO,Midwest,Non-Profit,2,0.02,27.9,intermittent,9,0.9924,1.0,1156.8
350019,ALTRU HOSPITAL,GRAND FORKS,ND,Midwest,Government,3,0.01,11.3,intermittent,7,0.8937,1.02,4303.5
140114,SWEDISH HOSPITAL,CHICAGO,IL,Midwest,Non-Profit,3,0.01,13.9,chronic,10,0.9909,1.08,3079.5
370093,O U MEDICAL CENTER,OKLAHOMA CITY,OK,South,Non-Profit,2,0.01,14.6,chronic,10,0.9989,1.08,15057.0
390304,ROXBOROUGH MEMORIAL HOSPITAL,PHILADELPHIA,PA,Northeast,For-Profit,2,0.01,16.3,chronic,10,0.9836,0.98,1285.7
370106,INTEGRIS SOUTHWEST MEDICAL CENTER,OKLAHOMA CITY,OK,South,Non-Profit,2,0.01,17.3,intermittent,9,1.0005,1.16,3565.3
190098,OCHSNER LSU HEALTH SHREVEPORT,SHREVEPORT,LA,South,Non-Profit,2,0.01,18.4,chronic,10,0.9853,1.16,5378.0
380007,LEGACY EMANUEL MEDICAL CENTER,PORTLAND,OR,West,Non-Profit,3,0.01,19.3,intermittent,9,0.961,0.97,7435.7
420018,PRISMA HEALTH RICHLAND HOSPITAL,COLUMBIA,SC,South,Non-Profit,3,0.01,21.0,chronic,10,0.9862,1.05,11387.4
420048,KERSHAWHEALTH,CAMDEN,SC,South,For-Profit,3,0.01,21.1,intermittent,9,0.938,1.1,1322.8
420106,PRISMA HEALTH BAPTIST PARKRIDGE,COLUMBIA,SC,South,Non-Profit,4,0.01,21.3,intermittent,7,0.9562,0.98,1990.0
450596,LAKE GRANBURY MEDICAL CENTER,GRANBURY,TX,South,For-Profit,3,0.01,21.4,intermittent,9,0.986,0.99,1206.0
180104,BAPTIST HEALTH PADUCAH,PADUCAH,KY,South,Non-Profit,4,0.01,22.4,intermittent,9,0.9145,1.02,3298.8
110064,PIEDMONT COLUMBUS REGIONAL MIDTOWN,COLUMBUS,GA,South,Non-Profit,2,0.01,23.0,chronic,10,1.0129,1.08,5090.6
390090,WEST PENN HOSPITAL,PITTSBURGH,PA,Northeast,Non-Profit,3,0.01,24.5,intermittent,7,0.9809,1.07,4155.9
170104,ADVENTHEALTH SHAWNEE MISSION,SHAWNEE MISSION,KS,Midwest,Non-Profit,3,0.01,26.4,chronic,10,1.0,0.99,4527.8
450068,MEMORIAL HERMANN - TEXAS MEDICAL CENTER,HOUSTON,TX,South,Non-Profit,4,0.01,26.6,chronic,10,0.9742,1.03,20561.7
390058,UPMC CARLISLE,CARLISLE,PA,Northeast,Non-Profit,4,0.01,28.5,intermittent,9,0.98,1.01,1626.4
